"Site","Site_geno_year","Site_year","Site.name","Genotype","SampleYear","RelativeFvFm9C","eventID"
"EastCay-22Jan","EastCay-22Jan_38_2021","EastCay-22Jan_2021","East Cay",38,2021,0.733212199766779,"Ahya_38a"
"EastCay-22Jan","EastCay-22Jan_39_2021","EastCay-22Jan_2021","East Cay",39,2021,0.743476567403907,"Ahya_39a"
"EastCay-22Jan","EastCay-22Jan_40_2021","EastCay-22Jan_2021","East Cay",40,2021,0.702769105158217,"Ahya_40a"
"EastCay-22Jan","EastCay-22Jan_44_2021","EastCay-22Jan_2021","East Cay",44,2021,0.763071345945971,"Ahya_44a"
"EastCay-22Jan","EastCay-22Jan_42_2021","EastCay-22Jan_2021","East Cay",42,2021,0.737706360073822,"Ahya_42a"
"EastCay-22Jan","EastCay-22Jan_43_2021","EastCay-22Jan_2021","East Cay",43,2021,0.733366449824257,"Ahya_43a"
"EastCay-22Jan","EastCay-22Jan_41_2021","EastCay-22Jan_2021","East Cay",41,2021,0.697454450602993,"Ahya_41a"
"EastCay-22Jan","EastCay-22Jan_45_2021","EastCay-22Jan_2021","East Cay",45,2021,0.731933124410186,"Ahya_45a"
"EastCay-22Jan","EastCay-22Jan_51_2021","EastCay-22Jan_2021","East Cay",51,2021,0.674169906124505,"Ahya_51a"
"EastCay-23Jan","EastCay-23Jan_72_2021","EastCay-23Jan_2021","East Cay",72,2021,0.468631279029983,"Ahya_72a"
"EastCay-23Jan","EastCay-23Jan_73_2021","EastCay-23Jan_2021","East Cay",73,2021,0.509565807545494,"Ahya_73a"
"EastCay-23Jan","EastCay-23Jan_74_2021","EastCay-23Jan_2021","East Cay",74,2021,0.435667359536134,"Ahya_74a"
"EastCay-23Jan","EastCay-23Jan_75_2021","EastCay-23Jan_2021","East Cay",75,2021,0.313279988424537,"Ahya_75a"
"EastCay-23Jan","EastCay-23Jan_67_2021","EastCay-23Jan_2021","East Cay",67,2021,0.632127639437831,"Ahya_67a"
"EastCay-23Jan","EastCay-23Jan_68_2021","EastCay-23Jan_2021","East Cay",68,2021,0.766556475841653,"Ahya_68a"
"EastCay-23Jan","EastCay-23Jan_69_2021","EastCay-23Jan_2021","East Cay",69,2021,0.614249477082448,"Ahya_69a"
"EastCay-23Jan","EastCay-23Jan_70_2021","EastCay-23Jan_2021","East Cay",70,2021,0.569392641957312,"Ahya_70a"
"EastCay-23Jan","EastCay-23Jan_71_2021","EastCay-23Jan_2021","East Cay",71,2021,0.551443648912442,"Ahya_71a"
"EastCay-23Jan","EastCay-23Jan_52_2021","EastCay-23Jan_2021","East Cay",52,2021,0.507170435175536,"Ahya_52a"
"EastCay-23Jan","EastCay-23Jan_53_2021","EastCay-23Jan_2021","East Cay",53,2021,0.549346583065552,"Ahya_53a"
"EastCay-23Jan","EastCay-23Jan_54_2021","EastCay-23Jan_2021","East Cay",54,2021,0.588217457392138,"Ahya_54a"
"EastCay-23Jan","EastCay-23Jan_55_2021","EastCay-23Jan_2021","East Cay",55,2021,0.570869582681384,"Ahya_55a"
"EastCay-23Jan","EastCay-23Jan_56_2021","EastCay-23Jan_2021","East Cay",56,2021,0.649011475757576,"Ahya_56a"
"EastCay-23Jan","EastCay-23Jan_57_2021","EastCay-23Jan_2021","East Cay",57,2021,0.637351220721256,"Ahya_57a"
"EastCay-23Jan","EastCay-23Jan_58_2021","EastCay-23Jan_2021","East Cay",58,2021,0.531558868147845,"Ahya_58a"
"EastCay-23Jan","EastCay-23Jan_59_2021","EastCay-23Jan_2021","East Cay",59,2021,0.606516214207608,"Ahya_59a"
"EastCay-23Jan","EastCay-23Jan_60_2021","EastCay-23Jan_2021","East Cay",60,2021,0.62721238912943,"Ahya_60a"
"EastCay-23Jan","EastCay-23Jan_61_2021","EastCay-23Jan_2021","East Cay",61,2021,0.620747912956059,"Ahya_61a"
"EastCay-23Jan","EastCay-23Jan_81_2021","EastCay-23Jan_2021","East Cay",81,2021,0.649222741574481,"Ahya_81a"
"EastCay-23Jan","EastCay-23Jan_82_2021","EastCay-23Jan_2021","East Cay",82,2021,0.675404404253316,"Ahya_82a"
"EastCay-23Jan","EastCay-23Jan_83_2021","EastCay-23Jan_2021","East Cay",83,2021,0.659411927964779,"Ahya_83a"
"EastCay-23Jan","EastCay-23Jan_84_2021","EastCay-23Jan_2021","East Cay",84,2021,0.701143649864005,"Ahya_84a"
"EastCay-23Jan","EastCay-23Jan_85_2021","EastCay-23Jan_2021","East Cay",85,2021,0.597259073577878,"Ahya_85a"
"LadyMusgrave","LadyMusgrave_102_2021","LadyMusgrave_2021","Lady Musgrave",102,2021,0.637591573489215,"Ahya_102a"
"LadyMusgrave","LadyMusgrave_103_2021","LadyMusgrave_2021","Lady Musgrave",103,2021,0.727547536461442,"Ahya_103a"
"LadyMusgrave","LadyMusgrave_104_2021","LadyMusgrave_2021","Lady Musgrave",104,2021,0.649459902053069,"Ahya_104a"
"LadyMusgrave","LadyMusgrave_105_2021","LadyMusgrave_2021","Lady Musgrave",105,2021,0.566427861691144,"Ahya_105a"
"LadyMusgrave","LadyMusgrave_80_2021","LadyMusgrave_2021","Lady Musgrave",80,2021,0.621786044306471,"Ahya_80a"
"LadyMusgrave","LadyMusgrave_95_2021","LadyMusgrave_2021","Lady Musgrave",95,2021,0.551991588696386,"Ahya_95a"
"LadyMusgrave","LadyMusgrave_96_2021","LadyMusgrave_2021","Lady Musgrave",96,2021,0.644453929154162,"Ahya_96a"
"LadyMusgrave","LadyMusgrave_97_2021","LadyMusgrave_2021","Lady Musgrave",97,2021,0.724861137362538,"Ahya_97a"
"LadyMusgrave","LadyMusgrave_106_2021","LadyMusgrave_2021","Lady Musgrave",106,2021,0.680264137802314,"Ahya_106a"
"LadyMusgrave","LadyMusgrave_107_2021","LadyMusgrave_2021","Lady Musgrave",107,2021,0.507902462404801,"Ahya_107a"
"LadyMusgrave","LadyMusgrave_108_2021","LadyMusgrave_2021","Lady Musgrave",108,2021,0.62213157270739,"Ahya_108a"
"LadyMusgrave","LadyMusgrave_109_2021","LadyMusgrave_2021","Lady Musgrave",109,2021,0.533774289607584,"Ahya_109a"
"LadyMusgrave","LadyMusgrave_98_2021","LadyMusgrave_2021","Lady Musgrave",98,2021,0.678870398656345,"Ahya_98a"
"LadyMusgrave","LadyMusgrave_99_2021","LadyMusgrave_2021","Lady Musgrave",99,2021,0.643506790248865,"Ahya_99a"
"LadyMusgrave","LadyMusgrave_100_2021","LadyMusgrave_2021","Lady Musgrave",100,2021,0.623615157079006,"Ahya_100a"
"LadyMusgrave","LadyMusgrave_101_2021","LadyMusgrave_2021","Lady Musgrave",101,2021,0.609358654551517,"Ahya_101a"
"LadyMusgrave","LadyMusgrave_114_2021","LadyMusgrave_2021","Lady Musgrave",114,2021,0.490808057282243,"Ahya_114a"
"LadyMusgrave","LadyMusgrave_115_2021","LadyMusgrave_2021","Lady Musgrave",115,2021,0.648236614655683,"Ahya_115a"
"LadyMusgrave","LadyMusgrave_116_2021","LadyMusgrave_2021","Lady Musgrave",116,2021,0.691875454759614,"Ahya_116a"
"LadyMusgrave","LadyMusgrave_117_2021","LadyMusgrave_2021","Lady Musgrave",117,2021,0.616331385158031,"Ahya_117a"
"LadyMusgrave","LadyMusgrave_118_2021","LadyMusgrave_2021","Lady Musgrave",118,2021,0.575079467167115,"Ahya_118a"
"LadyMusgrave","LadyMusgrave_111_2021","LadyMusgrave_2021","Lady Musgrave",111,2021,0.684517606940462,"Ahya_111a"
"LadyMusgrave","LadyMusgrave_120_2021","LadyMusgrave_2021","Lady Musgrave",120,2021,0.66317766609209,"Ahya_120a"
"LadyMusgrave","LadyMusgrave_76_2021","LadyMusgrave_2021","Lady Musgrave",76,2021,0.602762098736111,"Ahya_76a"
"LadyMusgrave","LadyMusgrave_77_2021","LadyMusgrave_2021","Lady Musgrave",77,2021,0.775671017974239,"Ahya_77a"
"LadyMusgrave","LadyMusgrave_78_2021","LadyMusgrave_2021","Lady Musgrave",78,2021,0.610258393865154,"Ahya_78a"
"LadyMusgrave","LadyMusgrave_79_2021","LadyMusgrave_2021","Lady Musgrave",79,2021,0.640459080365452,"Ahya_79a"
"LadyMusgrave","LadyMusgrave_110_2021","LadyMusgrave_2021","Lady Musgrave",110,2021,0.641921360641988,"Ahya_110a"
"LadyMusgrave","LadyMusgrave_119_2021","LadyMusgrave_2021","Lady Musgrave",119,2021,0.529025929573075,"Ahya_119a"
"LadyMusgrave","LadyMusgrave_112_2021","LadyMusgrave_2021","Lady Musgrave",112,2021,0.70109947519272,"Ahya_112a"
"LadyMusgrave","LadyMusgrave_113_2021","LadyMusgrave_2021","Lady Musgrave",113,2021,0.457681337277281,"Ahya_113a"
"Reef21550-20Jan","Reef21550-20Jan_19_2021","Reef21550-20Jan_2021","Reef21550",19,2021,0.896013783160323,"Ahya_19a"
"Reef21550-20Jan","Reef21550-20Jan_20_2021","Reef21550-20Jan_2021","Reef21550",20,2021,0.92032857683573,"Ahya_20a"
"Reef21550-20Jan","Reef21550-20Jan_21_2021","Reef21550-20Jan_2021","Reef21550",21,2021,0.900780363661893,"Ahya_21a"
"Reef21550-20Jan","Reef21550-20Jan_22_2021","Reef21550-20Jan_2021","Reef21550",22,2021,0.907445827496498,"Ahya_22a"
"Reef21550-20Jan","Reef21550-20Jan_27_2021","Reef21550-20Jan_2021","Reef21550",27,2021,0.879935010097301,"Ahya_27a"
"Reef21550-20Jan","Reef21550-20Jan_28_2021","Reef21550-20Jan_2021","Reef21550",28,2021,0.908055472541507,"Ahya_28a"
"Reef21550-20Jan","Reef21550-20Jan_29_2021","Reef21550-20Jan_2021","Reef21550",29,2021,0.897388294912559,"Ahya_29a"
"Reef21550-20Jan","Reef21550-20Jan_30_2021","Reef21550-20Jan_2021","Reef21550",30,2021,0.928611144822006,"Ahya_30a"
"Reef21550-20Jan","Reef21550-20Jan_31_2021","Reef21550-20Jan_2021","Reef21550",31,2021,0.892197861156426,"Ahya_31a"
"Reef21550-20Jan","Reef21550-20Jan_32_2021","Reef21550-20Jan_2021","Reef21550",32,2021,0.8928682758175,"Ahya_32a"
"Reef21550-20Jan","Reef21550-20Jan_33_2021","Reef21550-20Jan_2021","Reef21550",33,2021,0.878962496074367,"Ahya_33a"
"Reef21550-20Jan","Reef21550-20Jan_23_2021","Reef21550-20Jan_2021","Reef21550",23,2021,0.899335968197648,"Ahya_23a"
"Reef21550-20Jan","Reef21550-20Jan_24_2021","Reef21550-20Jan_2021","Reef21550",24,2021,0.895883623976499,"Ahya_24a"
"Reef21550-20Jan","Reef21550-20Jan_25_2021","Reef21550-20Jan_2021","Reef21550",25,2021,0.87544290079446,"Ahya_25a"
"Reef21550-20Jan","Reef21550-20Jan_26_2021","Reef21550-20Jan_2021","Reef21550",26,2021,0.765641301886792,"Ahya_26a"
"Sykes","Sykes_126_2021","Sykes_2021","Sykes",126,2021,0.687937959532246,"Ahya_126a"
"Sykes","Sykes_127_2021","Sykes_2021","Sykes",127,2021,0.760462213765717,"Ahya_127a"
"Sykes","Sykes_128_2021","Sykes_2021","Sykes",128,2021,0.671715823642797,"Ahya_128a"
"Sykes","Sykes_129_2021","Sykes_2021","Sykes",129,2021,0.667506469240601,"Ahya_129a"
"Sykes","Sykes_130_2021","Sykes_2021","Sykes",130,2021,0.696719532346939,"Ahya_130a"
"Sykes","Sykes_131_2021","Sykes_2021","Sykes",131,2021,0.658525334766895,"Ahya_131a"
"Sykes","Sykes_121_2021","Sykes_2021","Sykes",121,2021,0.688517742650063,"Ahya_121a"
"Sykes","Sykes_122_2021","Sykes_2021","Sykes",122,2021,0.720367529149149,"Ahya_122a"
"Sykes","Sykes_123_2021","Sykes_2021","Sykes",123,2021,0.643941167636574,"Ahya_123a"
"Sykes","Sykes_124_2021","Sykes_2021","Sykes",124,2021,0.566993844692491,"Ahya_124a"
"Sykes","Sykes_125_2021","Sykes_2021","Sykes",125,2021,0.699703957115423,"Ahya_125a"
"Sykes","Sykes_132_2021","Sykes_2021","Sykes",132,2021,0.72017862183633,"Ahya_132a"
"Sykes","Sykes_133_2021","Sykes_2021","Sykes",133,2021,0.734525616919423,"Ahya_133a"
"Sykes","Sykes_134_2021","Sykes_2021","Sykes",134,2021,0.668625197439385,"Ahya_134a"
"Sykes","Sykes_135_2021","Sykes_2021","Sykes",135,2021,0.706592821583733,"Ahya_135a"
"Sykes","Sykes_141_2021","Sykes_2021","Sykes",141,2021,0.641273195944366,"Ahya_141a"
"Sykes","Sykes_142_2021","Sykes_2021","Sykes",142,2021,0.682114782260126,"Ahya_142a"
"Sykes","Sykes_143_2021","Sykes_2021","Sykes",143,2021,0.647331983230208,"Ahya_143a"
"Sykes","Sykes_144_2021","Sykes_2021","Sykes",144,2021,0.590691376627579,"Ahya_144a"
"Sykes","Sykes_145_2021","Sykes_2021","Sykes",145,2021,0.625851214298499,"Ahya_145a"
"Sykes","Sykes_150_2021","Sykes_2021","Sykes",150,2021,0.643165164000714,"Ahya_150a"
"Sykes","Sykes_151_2021","Sykes_2021","Sykes",151,2021,0.75808314537521,"Ahya_151a"
"Sykes","Sykes_152_2021","Sykes_2021","Sykes",152,2021,0.729367741300126,"Ahya_152a"
"Sykes","Sykes_153_2021","Sykes_2021","Sykes",153,2021,0.682803032140565,"Ahya_153a"
"Sykes","Sykes_154_2021","Sykes_2021","Sykes",154,2021,0.678461016798093,"Ahya_154a"
"Sykes","Sykes_155_2021","Sykes_2021","Sykes",155,2021,0.719966172044196,"Ahya_155a"
"Sykes","Sykes_156_2021","Sykes_2021","Sykes",156,2021,0.641487055363209,"Ahya_156a"
"Sykes","Sykes_157_2021","Sykes_2021","Sykes",157,2021,0.754359314564555,"Ahya_157a"
"Sykes","Sykes_158_2021","Sykes_2021","Sykes",158,2021,0.621445910349393,"Ahya_158a"
"Sykes","Sykes_159_2021","Sykes_2021","Sykes",159,2021,0.691652231575596,"Ahya_159a"
"Sykes","Sykes_160_2021","Sykes_2021","Sykes",160,2021,0.672029509018037,"Ahya_160a"
"Sykes","Sykes_161_2021","Sykes_2021","Sykes",161,2021,0.674872839444445,"Ahya_161a"
"Hicks-20March","Hicks-20March_1_2021","Hicks-20March_2021","Hicks",1,2021,0.265628628186369,"Ahya_1b"
"Hicks-20March","Hicks-20March_2_2021","Hicks-20March_2021","Hicks",2,2021,0.391455714150427,"Ahya_2b"
"Hicks-20March","Hicks-20March_3_2021","Hicks-20March_2021","Hicks",3,2021,0.214998187205287,"Ahya_3b"
"Hicks-20March","Hicks-20March_4_2021","Hicks-20March_2021","Hicks",4,2021,0.248900439223156,"Ahya_4b"
"Hicks-20March","Hicks-20March_5_2021","Hicks-20March_2021","Hicks",5,2021,0.280971075511276,"Ahya_5b"
"Hicks-20March","Hicks-20March_6_2021","Hicks-20March_2021","Hicks",6,2021,0.241626908994476,"Ahya_6b"
"Hicks-20March","Hicks-20March_7_2021","Hicks-20March_2021","Hicks",7,2021,0.265618905211537,"Ahya_7b"
"Hicks-20March","Hicks-20March_8_2021","Hicks-20March_2021","Hicks",8,2021,0.301590648766166,"Ahya_8b"
"Hicks-20March","Hicks-20March_9_2021","Hicks-20March_2021","Hicks",9,2021,0.242173834356518,"Ahya_9b"
"Hicks-20March","Hicks-20March_10_2021","Hicks-20March_2021","Hicks",10,2021,0.160338054968717,"Ahya_10b"
"Hicks-20March","Hicks-20March_11_2021","Hicks-20March_2021","Hicks",11,2021,0.244350858506208,"Ahya_11b"
"Hicks-20March","Hicks-20March_12_2021","Hicks-20March_2021","Hicks",12,2021,0.145498046849553,"Ahya_12b"
"Hicks-20March","Hicks-20March_13_2021","Hicks-20March_2021","Hicks",13,2021,0.230714429348461,"Ahya_13b"
"Hicks-20March","Hicks-20March_14_2021","Hicks-20March_2021","Hicks",14,2021,0.269261302328263,"Ahya_14b"
"Hicks-20March","Hicks-20March_15_2021","Hicks-20March_2021","Hicks",15,2021,0.273943789084299,"Ahya_15b"
"Hicks-20March","Hicks-20March_16_2021","Hicks-20March_2021","Hicks",16,2021,0.188141140189351,"Ahya_16b"
"Hicks-20March","Hicks-20March_17_2021","Hicks-20March_2021","Hicks",17,2021,0.244714577781737,"Ahya_17b"
"Hicks-20March","Hicks-20March_18_2021","Hicks-20March_2021","Hicks",18,2021,0.19717525456298,"Ahya_18b"
"Hicks-20March","Hicks-20March_19_2021","Hicks-20March_2021","Hicks",19,2021,0.212255668056602,"Ahya_19b"
"Hicks-20March","Hicks-20March_20_2021","Hicks-20March_2021","Hicks",20,2021,0.182883430064053,"Ahya_20b"
"Hicks-21March","Hicks-21March_21_2021","Hicks-21March_2021","Hicks",21,2021,0.305258500041725,"Ahya_21b"
"Hicks-21March","Hicks-21March_22_2021","Hicks-21March_2021","Hicks",22,2021,0.222057613122932,"Ahya_22b"
"Hicks-21March","Hicks-21March_23_2021","Hicks-21March_2021","Hicks",23,2021,0.247909776151692,"Ahya_23b"
"Hicks-21March","Hicks-21March_24_2021","Hicks-21March_2021","Hicks",24,2021,0.144663630067687,"Ahya_24b"
"Hicks-21March","Hicks-21March_25_2021","Hicks-21March_2021","Hicks",25,2021,0.31884991871362,"Ahya_25b"
"Hicks-21March","Hicks-21March_26_2021","Hicks-21March_2021","Hicks",26,2021,0.261027417424598,"Ahya_26b"
"Hicks-21March","Hicks-21March_27_2021","Hicks-21March_2021","Hicks",27,2021,0.171427910988742,"Ahya_27b"
"Hicks-21March","Hicks-21March_28_2021","Hicks-21March_2021","Hicks",28,2021,0.16698328291577,"Ahya_28b"
"Hicks-21March","Hicks-21March_29_2021","Hicks-21March_2021","Hicks",29,2021,0.260112077429883,"Ahya_29b"
"Hicks-21March","Hicks-21March_30_2021","Hicks-21March_2021","Hicks",30,2021,0.18312274927011,"Ahya_30b"
"Hicks-21March","Hicks-21March_31_2021","Hicks-21March_2021","Hicks",31,2021,0.179611274215632,"Ahya_31b"
"Hicks-21March","Hicks-21March_32_2021","Hicks-21March_2021","Hicks",32,2021,0.163014168728188,"Ahya_32b"
"Hicks-21March","Hicks-21March_33_2021","Hicks-21March_2021","Hicks",33,2021,0.246634735466794,"Ahya_33b"
"Hicks-21March","Hicks-21March_34_2021","Hicks-21March_2021","Hicks",34,2021,0.244391665674781,"Ahya_34b"
"Hicks-21March","Hicks-21March_35_2021","Hicks-21March_2021","Hicks",35,2021,0.277516140707046,"Ahya_35b"
"Hicks-21March","Hicks-21March_36_2021","Hicks-21March_2021","Hicks",36,2021,0.208229593829268,"Ahya_36b"
"Hicks-21March","Hicks-21March_37_2021","Hicks-21March_2021","Hicks",37,2021,0.141002848637428,"Ahya_37b"
"Hicks-21March","Hicks-21March_38_2021","Hicks-21March_2021","Hicks",38,2021,0.167015863735463,"Ahya_38b"
"Hicks-21March","Hicks-21March_39_2021","Hicks-21March_2021","Hicks",39,2021,0.205205133229591,"Ahya_39b"
"Hicks-21March","Hicks-21March_40_2021","Hicks-21March_2021","Hicks",40,2021,0.222212999328215,"Ahya_40b"
"Hicks-21March","Hicks-21March_41_2021","Hicks-21March_2021","Hicks",41,2021,0.215379076884088,"Ahya_41b"
"Hicks-21March","Hicks-21March_42_2021","Hicks-21March_2021","Hicks",42,2021,0.242255283613642,"Ahya_42b"
"Hicks-21March","Hicks-21March_43_2021","Hicks-21March_2021","Hicks",43,2021,0.199522858405242,"Ahya_43b"
"Martin","Martin_131_2021","Martin_2021","Martin",131,2021,0.37949509932514,"Ahya_131b"
"Martin","Martin_132_2021","Martin_2021","Martin",132,2021,0.406732950194742,"Ahya_132b"
"Martin","Martin_133_2021","Martin_2021","Martin",133,2021,0.209768314191221,"Ahya_133b"
"Martin","Martin_134_2021","Martin_2021","Martin",134,2021,0.263005000507212,"Ahya_134b"
"Martin","Martin_135_2021","Martin_2021","Martin",135,2021,0.434141273481008,"Ahya_135"
"Martin","Martin_136_2021","Martin_2021","Martin",136,2021,0.3986979345221,"Ahya_136"
"Martin","Martin_137_2021","Martin_2021","Martin",137,2021,0.450917265131402,"Ahya_137"
"Martin","Martin_138_2021","Martin_2021","Martin",138,2021,0.319267837485175,"Ahya_138"
"Martin","Martin_139_2021","Martin_2021","Martin",139,2021,0.409973833725141,"Ahya_139"
"Martin","Martin_140_2021","Martin_2021","Martin",140,2021,0.393195491072953,"Ahya_140"
"Martin","Martin_141_2021","Martin_2021","Martin",141,2021,0.431206768530353,"Ahya_141b"
"Martin","Martin_142_2021","Martin_2021","Martin",142,2021,0.520798471213753,"Ahya_142b"
"Martin","Martin_143_2021","Martin_2021","Martin",143,2021,0.413274240347564,"Ahya_143b"
"Martin","Martin_144_2021","Martin_2021","Martin",144,2021,0.474957870643129,"Ahya_144b"
"Martin","Martin_145_2021","Martin_2021","Martin",145,2021,0.490927497391706,"Ahya_145b"
"Martin","Martin_146_2021","Martin_2021","Martin",146,2021,0.527079716487525,"Ahya_146"
"Martin","Martin_147_2021","Martin_2021","Martin",147,2021,0.527264385811356,"Ahya_147"
"Martin","Martin_148_2021","Martin_2021","Martin",148,2021,0.432576875735218,"Ahya_148"
"Martin","Martin_149_2021","Martin_2021","Martin",149,2021,0.415711433548454,"Ahya_149"
"Martin","Martin_150_2021","Martin_2021","Martin",150,2021,0.430300181891689,"Ahya_150b"
"Martin","Martin_151_2021","Martin_2021","Martin",151,2021,0.480695414131987,"Ahya_151b"
"Martin","Martin_152_2021","Martin_2021","Martin",152,2021,0.361535336580381,"Ahya_152b"
"Martin","Martin_153_2021","Martin_2021","Martin",153,2021,0.412059250464449,"Ahya_153b"
"Martin","Martin_154_2021","Martin_2021","Martin",154,2021,0.425174091007178,"Ahya_154b"
"Martin","Martin_155_2021","Martin_2021","Martin",155,2021,0.64822133305676,"Ahya_155b"
"Martin","Martin_156_2021","Martin_2021","Martin",156,2021,0.484323422281658,"Ahya_156b"
"Martin","Martin_157_2021","Martin_2021","Martin",157,2021,0.530229653704181,"Ahya_157b"
"Martin","Martin_158_2021","Martin_2021","Martin",158,2021,0.474109697183489,"Ahya_158b"
"Martin","Martin_159_2021","Martin_2021","Martin",159,2021,0.371588131918387,"Ahya_159b"
"Martin","Martin_160_2021","Martin_2021","Martin",160,2021,0.436362539320217,"Ahya_160b"
"NoName","NoName_97_2021","NoName_2021","No Name",97,2021,0.239519049365226,"Ahya_97b"
"NoName","NoName_98_2021","NoName_2021","No Name",98,2021,0.0941873589865402,"Ahya_98b"
"NoName","NoName_99_2021","NoName_2021","No Name",99,2021,0.142641681903312,"Ahya_99b"
"NoName","NoName_100_2021","NoName_2021","No Name",100,2021,0.252296723687631,"Ahya_100b"
"NoName","NoName_101_2021","NoName_2021","No Name",101,2021,0.287432939635151,"Ahya_101b"
"NoName","NoName_102_2021","NoName_2021","No Name",102,2021,0.324419885665428,"Ahya_102b"
"NoName","NoName_103_2021","NoName_2021","No Name",103,2021,0.395097951442465,"Ahya_103b"
"NoName","NoName_104_2021","NoName_2021","No Name",104,2021,0.289826080201368,"Ahya_104b"
"NoName","NoName_105_2021","NoName_2021","No Name",105,2021,0.175833018,"Ahya_105b"
"NoName","NoName_106_2021","NoName_2021","No Name",106,2021,0.137940764892292,"Ahya_106b"
"NoName","NoName_107_2021","NoName_2021","No Name",107,2021,0.106306481614525,"Ahya_107b"
"NoName","NoName_108_2021","NoName_2021","No Name",108,2021,0.0701654826924048,"Ahya_108b"
"NoName","NoName_109_2021","NoName_2021","No Name",109,2021,0.247545734804034,"Ahya_109b"
"NoName","NoName_110_2021","NoName_2021","No Name",110,2021,0.262030398525321,"Ahya_110b"
"NoName","NoName_111_2021","NoName_2021","No Name",111,2021,0.297220019651692,"Ahya_111b"
"NoName","NoName_113_2021","NoName_2021","No Name",113,2021,0.213294050302345,"Ahya_113b"
"NoName","NoName_112_2021","NoName_2021","No Name",112,2021,0.276000731011893,"Ahya_112b"
"NoName","NoName_114_2021","NoName_2021","No Name",114,2021,0.192285600675746,"Ahya_114b"
"NoName","NoName_115_2021","NoName_2021","No Name",115,2021,0.279396973297199,"Ahya_115b"
"NoName","NoName_116_2021","NoName_2021","No Name",116,2021,0.135413552366919,"Ahya_116b"
"NoName","NoName_117_2021","NoName_2021","No Name",117,2021,0.365783859168517,"Ahya_117b"
"NoName","NoName_118_2021","NoName_2021","No Name",118,2021,0.256886115499374,"Ahya_118b"
"NoName","NoName_119_2021","NoName_2021","No Name",119,2021,0.302711365703186,"Ahya_119b"
"NoName","NoName_120_2021","NoName_2021","No Name",120,2021,0.293696622027977,"Ahya_120b"
"NoName","NoName_121_2021","NoName_2021","No Name",121,2021,0.306146264744666,"Ahya_121b"
"NoName","NoName_122_2021","NoName_2021","No Name",122,2021,0.11963567228819,"Ahya_122b"
"NoName","NoName_123_2021","NoName_2021","No Name",123,2021,0.264698532041885,"Ahya_123b"
"NoName","NoName_124_2021","NoName_2021","No Name",124,2021,0.178243127716217,"Ahya_124b"
"NoName","NoName_125_2021","NoName_2021","No Name",125,2021,0.349878336470588,"Ahya_125b"
"NoName","NoName_126_2021","NoName_2021","No Name",126,2021,0.330749301074786,"Ahya_126b"
"NoName","NoName_127_2021","NoName_2021","No Name",127,2021,0.295718313779162,"Ahya_127b"
"NoName","NoName_128_2021","NoName_2021","No Name",128,2021,0.441037587754406,"Ahya_128b"
"NoName","NoName_129_2021","NoName_2021","No Name",129,2021,0.209299576680765,"Ahya_129b"
"NoName","NoName_130_2021","NoName_2021","No Name",130,2021,0.348798465061728,"Ahya_130b"
"NorthDirection-23March","NorthDirection-23March_44_2021","NorthDirection-23March_2021","North Direction",44,2021,0.256584648713564,"Ahya_44b"
"NorthDirection-23March","NorthDirection-23March_45_2021","NorthDirection-23March_2021","North Direction",45,2021,0.19555255134774,"Ahya_45b"
"NorthDirection-23March","NorthDirection-23March_46_2021","NorthDirection-23March_2021","North Direction",46,2021,0.193072638395416,"Ahya_46"
"NorthDirection-23March","NorthDirection-23March_47_2021","NorthDirection-23March_2021","North Direction",47,2021,0.198518518592058,"Ahya_47b"
"NorthDirection-23March","NorthDirection-23March_48_2021","NorthDirection-23March_2021","North Direction",48,2021,0.258219606294233,"Ahya_48b"
"NorthDirection-23March","NorthDirection-23March_49_2021","NorthDirection-23March_2021","North Direction",49,2021,0.204452309260507,"Ahya_49b"
"NorthDirection-23March","NorthDirection-23March_50_2021","NorthDirection-23March_2021","North Direction",50,2021,0.20751578998795,"Ahya_50b"
"NorthDirection-23March","NorthDirection-23March_51_2021","NorthDirection-23March_2021","North Direction",51,2021,0.139861735382647,"Ahya_51b"
"NorthDirection-23March","NorthDirection-23March_52_2021","NorthDirection-23March_2021","North Direction",52,2021,0.258669749710453,"Ahya_52b"
"NorthDirection-23March","NorthDirection-23March_53_2021","NorthDirection-23March_2021","North Direction",53,2021,0.144794446195472,"Ahya_53b"
"NorthDirection-23March","NorthDirection-23March_54_2021","NorthDirection-23March_2021","North Direction",54,2021,0.15122605858631,"Ahya_54b"
"NorthDirection-23March","NorthDirection-23March_55_2021","NorthDirection-23March_2021","North Direction",55,2021,0.139696989188692,"Ahya_55b"
"NorthDirection-23March","NorthDirection-23March_56_2021","NorthDirection-23March_2021","North Direction",56,2021,0.161072941906241,"Ahya_56b"
"NorthDirection-23March","NorthDirection-23March_57_2021","NorthDirection-23March_2021","North Direction",57,2021,0.173182883552099,"Ahya_57b"
"NorthDirection-23March","NorthDirection-23March_58_2021","NorthDirection-23March_2021","North Direction",58,2021,0.120771894388062,"Ahya_58b"
"NorthDirection-23March","NorthDirection-23March_59_2021","NorthDirection-23March_2021","North Direction",59,2021,0.160142687707631,"Ahya_59b"
"NorthDirection-23March","NorthDirection-23March_60_2021","NorthDirection-23March_2021","North Direction",60,2021,0.133488303267312,"Ahya_60b"
"NorthDirection-23March","NorthDirection-23March_61_2021","NorthDirection-23March_2021","North Direction",61,2021,0.114869124647126,"Ahya_61b"
"NorthDirection-23March","NorthDirection-23March_62_2021","NorthDirection-23March_2021","North Direction",62,2021,0.121379033434414,"Ahya_62"
"NorthDirection-23March","NorthDirection-23March_63_2021","NorthDirection-23March_2021","North Direction",63,2021,0.131706374692664,"Ahya_63"
"NorthDirection-23March","NorthDirection-23March_64_2021","NorthDirection-23March_2021","North Direction",64,2021,0.310688881161304,"Ahya_64"
"NorthDirection-23March","NorthDirection-23March_65_2021","NorthDirection-23March_2021","North Direction",65,2021,0.163023353226415,"Ahya_65"
"NorthDirection-23March","NorthDirection-23March_66_2021","NorthDirection-23March_2021","North Direction",66,2021,0.329708205795452,"Ahya_66"
"NorthDirection-23March","NorthDirection-23March_67_2021","NorthDirection-23March_2021","North Direction",67,2021,0.192201676298873,"Ahya_67b"
"NorthDirection-23March","NorthDirection-23March_68_2021","NorthDirection-23March_2021","North Direction",68,2021,0.35641048399228,"Ahya_68b"
"NorthDirection-23March","NorthDirection-23March_69_2021","NorthDirection-23March_2021","North Direction",69,2021,0.315333299314627,"Ahya_69b"
"NorthDirection-23March","NorthDirection-23March_70_2021","NorthDirection-23March_2021","North Direction",70,2021,0.171610005591487,"Ahya_70b"
"NorthDirection-23March","NorthDirection-23March_71_2021","NorthDirection-23March_2021","North Direction",71,2021,0.189634297590909,"Ahya_71b"
"NorthDirection-23March","NorthDirection-23March_72_2021","NorthDirection-23March_2021","North Direction",72,2021,0.126624643260222,"Ahya_72b"
"NorthDirection-24March","NorthDirection-24March_73_2021","NorthDirection-24March_2021","North Direction",73,2021,0.261272970521013,"Ahya_73b"
"NorthDirection-24March","NorthDirection-24March_74_2021","NorthDirection-24March_2021","North Direction",74,2021,0.251920882883063,"Ahya_74b"
"NorthDirection-24March","NorthDirection-24March_75_2021","NorthDirection-24March_2021","North Direction",75,2021,0.190245050868946,"Ahya_75b"
"NorthDirection-24March","NorthDirection-24March_76_2021","NorthDirection-24March_2021","North Direction",76,2021,0.278672779002337,"Ahya_76b"
"NorthDirection-24March","NorthDirection-24March_77_2021","NorthDirection-24March_2021","North Direction",77,2021,0.202818698056199,"Ahya_77b"
"NorthDirection-24March","NorthDirection-24March_78_2021","NorthDirection-24March_2021","North Direction",78,2021,0.255475141996293,"Ahya_78b"
"NorthDirection-24March","NorthDirection-24March_79_2021","NorthDirection-24March_2021","North Direction",79,2021,0.125879864612974,"Ahya_79b"
"NorthDirection-24March","NorthDirection-24March_80_2021","NorthDirection-24March_2021","North Direction",80,2021,0.342865119280795,"Ahya_80b"
"NorthDirection-24March","NorthDirection-24March_82_2021","NorthDirection-24March_2021","North Direction",82,2021,0.227517768956199,"Ahya_82b"
"NorthDirection-24March","NorthDirection-24March_81_2021","NorthDirection-24March_2021","North Direction",81,2021,0.290285771817205,"Ahya_81b"
"NorthDirection-24March","NorthDirection-24March_83_2021","NorthDirection-24March_2021","North Direction",83,2021,0.181408514399738,"Ahya_83b"
"NorthDirection-24March","NorthDirection-24March_84_2021","NorthDirection-24March_2021","North Direction",84,2021,0.0736220922124069,"Ahya_84b"
"NorthDirection-24March","NorthDirection-24March_85_2021","NorthDirection-24March_2021","North Direction",85,2021,0.258542617052897,"Ahya_85"
"NorthDirection-24March","NorthDirection-24March_86_2021","NorthDirection-24March_2021","North Direction",86,2021,0.304477303213731,"Ahya_86"
"NorthDirection-24March","NorthDirection-24March_87_2021","NorthDirection-24March_2021","North Direction",87,2021,0.281707590563944,"Ahya_87"
"NorthDirection-24March","NorthDirection-24March_88_2021","NorthDirection-24March_2021","North Direction",88,2021,0.136053581782416,"Ahya_88"
"NorthDirection-24March","NorthDirection-24March_89_2021","NorthDirection-24March_2021","North Direction",89,2021,0.198793964895511,"Ahya_89"
"NorthDirection-24March","NorthDirection-24March_90_2021","NorthDirection-24March_2021","North Direction",90,2021,0.166560411822673,"Ahya_90"
"NorthDirection-24March","NorthDirection-24March_91_2021","NorthDirection-24March_2021","North Direction",91,2021,0.246061868025304,"Ahya_91"
"NorthDirection-24March","NorthDirection-24March_92_2021","NorthDirection-24March_2021","North Direction",92,2021,0.222633574410232,"Ahya_92"
"NorthDirection-24March","NorthDirection-24March_93_2021","NorthDirection-24March_2021","North Direction",93,2021,0.301806068855427,"Ahya_93"
"NorthDirection-24March","NorthDirection-24March_94_2021","NorthDirection-24March_2021","North Direction",94,2021,0.313329127157268,"Ahya_94"
"NorthDirection-24March","NorthDirection-24March_95_2021","NorthDirection-24March_2021","North Direction",95,2021,0.34517527105742,"Ahya_95b"
"NorthDirection-24March","NorthDirection-24March_96_2021","NorthDirection-24March_2021","North Direction",96,2021,0.355117871741938,"Ahya_96b"
"StCrispin-30Mar","StCrispin-30Mar_161_2021","StCrispin-30Mar_2021","St Crispin",161,2021,0.575437329132726,"Ahya_161b"
"StCrispin-30Mar","StCrispin-30Mar_162_2021","StCrispin-30Mar_2021","St Crispin",162,2021,0.485848103264597,"Ahya_162"
"StCrispin-30Mar","StCrispin-30Mar_163_2021","StCrispin-30Mar_2021","St Crispin",163,2021,0.380037924937903,"Ahya_163"
"StCrispin-30Mar","StCrispin-30Mar_164_2021","StCrispin-30Mar_2021","St Crispin",164,2021,0.372799481044441,"Ahya_164"
"StCrispin-30Mar","StCrispin-30Mar_165_2021","StCrispin-30Mar_2021","St Crispin",165,2021,0.406315226551879,"Ahya_165"
"StCrispin-30Mar","StCrispin-30Mar_166_2021","StCrispin-30Mar_2021","St Crispin",166,2021,0.373163635701603,"Ahya_166"
"StCrispin-30Mar","StCrispin-30Mar_167_2021","StCrispin-30Mar_2021","St Crispin",167,2021,0.36671306065727,"Ahya_167"
"StCrispin-30Mar","StCrispin-30Mar_168_2021","StCrispin-30Mar_2021","St Crispin",168,2021,0.407390151752313,"Ahya_168"
"StCrispin-30Mar","StCrispin-30Mar_169_2021","StCrispin-30Mar_2021","St Crispin",169,2021,0.480262269760341,"Ahya_169"
"StCrispin-30Mar","StCrispin-30Mar_170_2021","StCrispin-30Mar_2021","St Crispin",170,2021,0.541007347357807,"Ahya_170"
"StCrispin-30Mar","StCrispin-30Mar_171_2021","StCrispin-30Mar_2021","St Crispin",171,2021,0.656016508239993,"Ahya_171"
"StCrispin-30Mar","StCrispin-30Mar_172_2021","StCrispin-30Mar_2021","St Crispin",172,2021,0.424617866372985,"Ahya_172"
"StCrispin-30Mar","StCrispin-30Mar_173_2021","StCrispin-30Mar_2021","St Crispin",173,2021,0.571302663407702,"Ahya_173"
"StCrispin-30Mar","StCrispin-30Mar_174_2021","StCrispin-30Mar_2021","St Crispin",174,2021,0.448850477664226,"Ahya_174"
"StCrispin-30Mar","StCrispin-30Mar_175_2021","StCrispin-30Mar_2021","St Crispin",175,2021,0.495651207641822,"Ahya_175"
"StCrispin-30Mar","StCrispin-30Mar_176_2021","StCrispin-30Mar_2021","St Crispin",176,2021,0.492826458711727,"Ahya_176"
"StCrispin-30Mar","StCrispin-30Mar_177_2021","StCrispin-30Mar_2021","St Crispin",177,2021,0.50655758249479,"Ahya_177"
"StCrispin-30Mar","StCrispin-30Mar_178_2021","StCrispin-30Mar_2021","St Crispin",178,2021,0.488767555592203,"Ahya_178"
"StCrispin-30Mar","StCrispin-30Mar_179_2021","StCrispin-30Mar_2021","St Crispin",179,2021,0.486940605301793,"Ahya_179"
"StCrispin-30Mar","StCrispin-30Mar_180_2021","StCrispin-30Mar_2021","St Crispin",180,2021,0.396147670395837,"Ahya_180"
"StCrispin-30Mar","StCrispin-30Mar_181_2021","StCrispin-30Mar_2021","St Crispin",181,2021,0.513548578344966,"Ahya_181"
"StCrispin-30Mar","StCrispin-30Mar_182_2021","StCrispin-30Mar_2021","St Crispin",182,2021,0.59419006435983,"Ahya_182"
"StCrispin-30Mar","StCrispin-30Mar_183_2021","StCrispin-30Mar_2021","St Crispin",183,2021,0.559525901608263,"Ahya_183"
"StCrispin-30Mar","StCrispin-30Mar_184_2021","StCrispin-30Mar_2021","St Crispin",184,2021,0.509179905818332,"Ahya_184"
"StCrispin-30Mar","StCrispin-30Mar_185_2021","StCrispin-30Mar_2021","St Crispin",185,2021,0.588793838500485,"Ahya_185"
"StCrispin-30Mar","StCrispin-30Mar_186_2021","StCrispin-30Mar_2021","St Crispin",186,2021,0.520922107814546,"Ahya_186"
"StCrispin-30Mar","StCrispin-30Mar_187_2021","StCrispin-30Mar_2021","St Crispin",187,2021,0.349797291513892,"Ahya_187"
"Chicken","Chicken_301_2021","Chicken_2021","Chicken",301,2021,0.397733371649068,"Ahya_301"
"Chicken","Chicken_302_2021","Chicken_2021","Chicken",302,2021,0.384468808331792,"Ahya_302"
"Chicken","Chicken_303_2021","Chicken_2021","Chicken",303,2021,0.416809464251729,"Ahya_303"
"Chicken","Chicken_304_2021","Chicken_2021","Chicken",304,2021,0.449152001824261,"Ahya_304"
"Chicken","Chicken_305_2021","Chicken_2021","Chicken",305,2021,0.501152141429936,"Ahya_305"
"Chicken","Chicken_306_2021","Chicken_2021","Chicken",306,2021,0.447472518427462,"Ahya_306"
"Chicken","Chicken_307_2021","Chicken_2021","Chicken",307,2021,0.557580976597278,"Ahya_307"
"Chicken","Chicken_308_2021","Chicken_2021","Chicken",308,2021,0.466939918983091,"Ahya_308"
"Chicken","Chicken_309_2021","Chicken_2021","Chicken",309,2021,0.384532585380117,"Ahya_309"
"Chicken","Chicken_311_2021","Chicken_2021","Chicken",311,2021,0.421757721892349,"Ahya_311"
"Chicken","Chicken_312_2021","Chicken_2021","Chicken",312,2021,0.341459575341092,"Ahya_312"
"Chicken","Chicken_313_2021","Chicken_2021","Chicken",313,2021,0.370087343718532,"Ahya_313"
"Chicken","Chicken_314_2021","Chicken_2021","Chicken",314,2021,0.369780886078483,"Ahya_314"
"Chicken","Chicken_315_2021","Chicken_2021","Chicken",315,2021,0.320498241853737,"Ahya_315"
"Chicken","Chicken_316_2021","Chicken_2021","Chicken",316,2021,0.40577980431205,"Ahya_316"
"Chicken","Chicken_317_2021","Chicken_2021","Chicken",317,2021,0.304750089692326,"Ahya_317"
"Chicken","Chicken_318_2021","Chicken_2021","Chicken",318,2021,0.322565024974671,"Ahya_318"
"Chicken","Chicken_319_2021","Chicken_2021","Chicken",319,2021,0.373138262165405,"Ahya_319"
"Chicken","Chicken_320_2021","Chicken_2021","Chicken",320,2021,0.290503874357639,"Ahya_320"
"Chicken","Chicken_321_2021","Chicken_2021","Chicken",321,2021,0.360489191588324,"Ahya_321"
"Chicken","Chicken_322_2021","Chicken_2021","Chicken",322,2021,0.276470896101898,"Ahya_322"
"Chicken","Chicken_323_2021","Chicken_2021","Chicken",323,2021,0.335978970537893,"Ahya_323"
"Chicken","Chicken_324_2021","Chicken_2021","Chicken",324,2021,0.370387165305218,"Ahya_324"
"Chicken","Chicken_325_2021","Chicken_2021","Chicken",325,2021,0.495505859109725,"Ahya_325"
"Chicken","Chicken_326_2021","Chicken_2021","Chicken",326,2021,0.318169082838931,"Ahya_326"
"Chicken","Chicken_327_2021","Chicken_2021","Chicken",327,2021,0.409370827670716,"Ahya_327"
"Chicken","Chicken_328_2021","Chicken_2021","Chicken",328,2021,0.383867128320968,"Ahya_328"
"Chicken","Chicken_329_2021","Chicken_2021","Chicken",329,2021,0.475049934463795,"Ahya_329"
"Chicken","Chicken_330_2021","Chicken_2021","Chicken",330,2021,0.340703259013316,"Ahya_330"
"Davies","Davies_331_2021","Davies_2021","Davies",331,2021,0.619664456441936,"Ahya_331"
"Davies","Davies_332_2021","Davies_2021","Davies",332,2021,0.569492759573231,"Ahya_332"
"Davies","Davies_333_2021","Davies_2021","Davies",333,2021,0.58035957846161,"Ahya_333"
"Davies","Davies_334_2021","Davies_2021","Davies",334,2021,0.643546488501261,"Ahya_334"
"Davies","Davies_335_2021","Davies_2021","Davies",335,2021,0.630125292041224,"Ahya_335"
"Davies","Davies_336_2021","Davies_2021","Davies",336,2021,0.640841388315034,"Ahya_336"
"Davies","Davies_337_2021","Davies_2021","Davies",337,2021,0.572642404774933,"Ahya_337"
"Davies","Davies_338_2021","Davies_2021","Davies",338,2021,0.617556802370646,"Ahya_338"
"Davies","Davies_339_2021","Davies_2021","Davies",339,2021,0.479377488412376,"Ahya_339"
"Davies","Davies_340_2021","Davies_2021","Davies",340,2021,0.602502175901462,"Ahya_340"
"Davies","Davies_341_2021","Davies_2021","Davies",341,2021,0.510371173367924,"Ahya_341"
"Davies","Davies_342_2021","Davies_2021","Davies",342,2021,0.513353956441099,"Ahya_342"
"Davies","Davies_343_2021","Davies_2021","Davies",343,2021,0.554947739691487,"Ahya_343"
"Davies","Davies_344_2021","Davies_2021","Davies",344,2021,0.581360771728058,"Ahya_344"
"Davies","Davies_345_2021","Davies_2021","Davies",345,2021,0.624349376557703,"Ahya_345"
"Davies","Davies_346_2021","Davies_2021","Davies",346,2021,0.590692067208584,"Ahya_346"
"Davies","Davies_347_2021","Davies_2021","Davies",347,2021,0.578787065082266,"Ahya_347"
"Davies","Davies_348_2021","Davies_2021","Davies",348,2021,0.566803743971011,"Ahya_348"
"Davies","Davies_349_2021","Davies_2021","Davies",349,2021,0.681096323862582,"Ahya_349"
"Davies","Davies_350_2021","Davies_2021","Davies",350,2021,0.576295332360584,"Ahya_350"
"Davies","Davies_351_2021","Davies_2021","Davies",351,2021,0.568466194061439,"Ahya_351"
"Davies","Davies_352_2021","Davies_2021","Davies",352,2021,0.525453809503742,"Ahya_352"
"Davies","Davies_353_2021","Davies_2021","Davies",353,2021,0.473764413194193,"Ahya_353"
"Davies","Davies_354_2021","Davies_2021","Davies",354,2021,0.542245543508117,"Ahya_354"
"Davies","Davies_355_2021","Davies_2021","Davies",355,2021,0.465400864731893,"Ahya_355"
"Davies","Davies_356_2021","Davies_2021","Davies",356,2021,0.490876098814251,"Ahya_356"
"Davies","Davies_357_2021","Davies_2021","Davies",357,2021,0.509091040109865,"Ahya_357"
"Davies","Davies_358_2021","Davies_2021","Davies",358,2021,0.486435887944378,"Ahya_358"
"Davies","Davies_359_2021","Davies_2021","Davies",359,2021,0.565385718601954,"Ahya_359"
"Davies","Davies_360_2021","Davies_2021","Davies",360,2021,0.43961640688025,"Ahya_360"
"Kelso","Kelso_188_2021","Kelso_2021","Kelso",188,2021,0.371412478953878,"Ahya_188"
"Kelso","Kelso_189_2021","Kelso_2021","Kelso",189,2021,0.379804645108841,"Ahya_189"
"Kelso","Kelso_190_2021","Kelso_2021","Kelso",190,2021,0.335136291500663,"Ahya_190"
"Kelso","Kelso_191_2021","Kelso_2021","Kelso",191,2021,0.235196238213889,"Ahya_191"
"Kelso","Kelso_192_2021","Kelso_2021","Kelso",192,2021,0.211622735854736,"Ahya_192"
"Kelso","Kelso_193_2021","Kelso_2021","Kelso",193,2021,0.39924797112811,"Ahya_193"
"Kelso","Kelso_194_2021","Kelso_2021","Kelso",194,2021,0.416079131456562,"Ahya_194"
"Kelso","Kelso_195_2021","Kelso_2021","Kelso",195,2021,0.344522756683804,"Ahya_195"
"Kelso","Kelso_196_2021","Kelso_2021","Kelso",196,2021,0.403635792627632,"Ahya_196"
"Kelso","Kelso_197_2021","Kelso_2021","Kelso",197,2021,0.349303118105795,"Ahya_197"
"Kelso","Kelso_198_2021","Kelso_2021","Kelso",198,2021,0.38309586451883,"Ahya_198"
"Kelso","Kelso_199_2021","Kelso_2021","Kelso",199,2021,0.361373748389613,"Ahya_199"
"Kelso","Kelso_200_2021","Kelso_2021","Kelso",200,2021,0.239663014563689,"Ahya_200"
"Kelso","Kelso_201_2021","Kelso_2021","Kelso",201,2021,0.356383433976383,"Ahya_201"
"Kelso","Kelso_202_2021","Kelso_2021","Kelso",202,2021,0.225792057180517,"Ahya_202"
"Kelso","Kelso_203_2021","Kelso_2021","Kelso",203,2021,0.350172409153891,"Ahya_203"
"Kelso","Kelso_204_2021","Kelso_2021","Kelso",204,2021,0.416829169322364,"Ahya_204"
"Kelso","Kelso_205_2021","Kelso_2021","Kelso",205,2021,0.29113501655707,"Ahya_205"
"Kelso","Kelso_206_2021","Kelso_2021","Kelso",206,2021,0.337168314182289,"Ahya_206"
"Kelso","Kelso_207_2021","Kelso_2021","Kelso",207,2021,0.33239339313403,"Ahya_207"
"Kelso","Kelso_208_2021","Kelso_2021","Kelso",208,2021,0.132407407444445,"Ahya_208"
"Kelso","Kelso_209_2021","Kelso_2021","Kelso",209,2021,0.3448798395979,"Ahya_209"
"Kelso","Kelso_210_2021","Kelso_2021","Kelso",210,2021,0.216047974738274,"Ahya_210"
"Kelso","Kelso_211_2021","Kelso_2021","Kelso",211,2021,0.229783465903588,"Ahya_211"
"Kelso","Kelso_212_2021","Kelso_2021","Kelso",212,2021,0.36502685382589,"Ahya_212"
"Kelso","Kelso_213_2021","Kelso_2021","Kelso",213,2021,0.469642537150479,"Ahya_213"
"Kelso","Kelso_214_2021","Kelso_2021","Kelso",214,2021,0.28779273267564,"Ahya_214"
"Kelso","Kelso_215_2021","Kelso_2021","Kelso",215,2021,0.411310212857556,"Ahya_215"
"Kelso","Kelso_216_2021","Kelso_2021","Kelso",216,2021,0.5129662856652,"Ahya_216"
"Kelso","Kelso_217_2021","Kelso_2021","Kelso",217,2021,0.454021319329395,"Ahya_217"
"Kelso","Kelso_218_2021","Kelso_2021","Kelso",218,2021,0.495671104731856,"Ahya_218"
"Kelso","Kelso_219_2021","Kelso_2021","Kelso",219,2021,0.464375173425257,"Ahya_219"
"Kelso","Kelso_220_2021","Kelso_2021","Kelso",220,2021,0.334762252313024,"Ahya_220"
"Mackay","Mackay_268_2021","Mackay_2021","Mackay",268,2021,0.212270506997564,"Ahya_268"
"Mackay","Mackay_269_2021","Mackay_2021","Mackay",269,2021,0.1746233018241,"Ahya_269"
"Mackay","Mackay_270_2021","Mackay_2021","Mackay",270,2021,0.138506556443387,"Ahya_270"
"Mackay","Mackay_271_2021","Mackay_2021","Mackay",271,2021,0.220920179144292,"Ahya_271"
"Mackay","Mackay_272_2021","Mackay_2021","Mackay",272,2021,0.273118051489784,"Ahya_272"
"Mackay","Mackay_273_2021","Mackay_2021","Mackay",273,2021,0.121430234744909,"Ahya_273"
"Mackay","Mackay_274_2021","Mackay_2021","Mackay",274,2021,0.217030773255605,"Ahya_274"
"Mackay","Mackay_275_2021","Mackay_2021","Mackay",275,2021,0.236975402819633,"Ahya_275"
"Mackay","Mackay_276_2021","Mackay_2021","Mackay",276,2021,0.306938640119403,"Ahya_276"
"Mackay","Mackay_277_2021","Mackay_2021","Mackay",277,2021,0.138636266045396,"Ahya_277"
"Mackay","Mackay_278_2021","Mackay_2021","Mackay",278,2021,0.247295341718842,"Ahya_278"
"Mackay","Mackay_279_2021","Mackay_2021","Mackay",279,2021,0.104260602619585,"Ahya_279"
"Mackay","Mackay_280_2021","Mackay_2021","Mackay",280,2021,0.326940057443745,"Ahya_280"
"Mackay","Mackay_281_2021","Mackay_2021","Mackay",281,2021,0.34949705681669,"Ahya_281"
"Mackay","Mackay_282_2021","Mackay_2021","Mackay",282,2021,0.196734659598045,"Ahya_282"
"Mackay","Mackay_283_2021","Mackay_2021","Mackay",283,2021,0.410054364002954,"Ahya_283"
"Mackay","Mackay_284_2021","Mackay_2021","Mackay",284,2021,0.145737310078191,"Ahya_284"
"Mackay","Mackay_285_2021","Mackay_2021","Mackay",285,2021,0.272803863461377,"Ahya_285"
"Mackay","Mackay_286_2021","Mackay_2021","Mackay",286,2021,0.137911986999405,"Ahya_286"
"Mackay","Mackay_287_2021","Mackay_2021","Mackay",287,2021,0.281383432453142,"Ahya_287"
"Mackay","Mackay_288_2021","Mackay_2021","Mackay",288,2021,0.198596403008395,"Ahya_288"
"Mackay","Mackay_289_2021","Mackay_2021","Mackay",289,2021,0.24119563232608,"Ahya_289"
"Mackay","Mackay_290_2021","Mackay_2021","Mackay",290,2021,0.11013903918682,"Ahya_290"
"Mackay","Mackay_291_2021","Mackay_2021","Mackay",291,2021,0.119294713259141,"Ahya_291"
"Mackay","Mackay_292_2021","Mackay_2021","Mackay",292,2021,0.353536934837806,"Ahya_292"
"Mackay","Mackay_293_2021","Mackay_2021","Mackay",293,2021,0.179068358700514,"Ahya_293"
"Mackay","Mackay_294_2021","Mackay_2021","Mackay",294,2021,0.317359396419754,"Ahya_294"
"Mackay","Mackay_295_2021","Mackay_2021","Mackay",295,2021,0.119996907122905,"Ahya_295"
"Mackay","Mackay_296_2021","Mackay_2021","Mackay",296,2021,0.392423984228623,"Ahya_296"
"Mackay","Mackay_297_2021","Mackay_2021","Mackay",297,2021,0.380297791827393,"Ahya_297"
"Mackay","Mackay_298_2021","Mackay_2021","Mackay",298,2021,0.401450996922991,"Ahya_298"
"Mackay","Mackay_299_2021","Mackay_2021","Mackay",299,2021,0.407152643979926,"Ahya_299"
"Mackay","Mackay_300_2021","Mackay_2021","Mackay",300,2021,0.199529076646792,"Ahya_300"
"Pelorus","Pelorus_221_2021","Pelorus_2021","Pelorus",221,2021,0.34178619674916,"Ahya_221"
"Pelorus","Pelorus_222_2021","Pelorus_2021","Pelorus",222,2021,0.352715647251421,"Ahya_222"
"Pelorus","Pelorus_223_2021","Pelorus_2021","Pelorus",223,2021,0.42112076903543,"Ahya_223"
"Pelorus","Pelorus_224_2021","Pelorus_2021","Pelorus",224,2021,0.424703648340094,"Ahya_224"
"Pelorus","Pelorus_225_2021","Pelorus_2021","Pelorus",225,2021,0.386651197565164,"Ahya_225"
"Pelorus","Pelorus_226_2021","Pelorus_2021","Pelorus",226,2021,0.294127100802826,"Ahya_226"
"Pelorus","Pelorus_227_2021","Pelorus_2021","Pelorus",227,2021,0.410604576903117,"Ahya_227"
"Pelorus","Pelorus_228_2021","Pelorus_2021","Pelorus",228,2021,0.430828424215904,"Ahya_228"
"Pelorus","Pelorus_229_2021","Pelorus_2021","Pelorus",229,2021,0.495456644253259,"Ahya_229"
"Pelorus","Pelorus_230_2021","Pelorus_2021","Pelorus",230,2021,0.296481551611069,"Ahya_230"
"Pelorus","Pelorus_231_2021","Pelorus_2021","Pelorus",231,2021,0.290808482902605,"Ahya_231"
"Pelorus","Pelorus_232_2021","Pelorus_2021","Pelorus",232,2021,0.399527213331965,"Ahya_232"
"Pelorus","Pelorus_233_2021","Pelorus_2021","Pelorus",233,2021,0.253724838522703,"Ahya_233"
"Pelorus","Pelorus_234_2021","Pelorus_2021","Pelorus",234,2021,0.280286296033113,"Ahya_234"
"Pelorus","Pelorus_235_2021","Pelorus_2021","Pelorus",235,2021,0.200749733255726,"Ahya_235"
"Pelorus","Pelorus_236_2021","Pelorus_2021","Pelorus",236,2021,0.265131648466551,"Ahya_236"
"Pelorus","Pelorus_237_2021","Pelorus_2021","Pelorus",237,2021,0.442712869089241,"Ahya_237"
"Pelorus","Pelorus_238_2021","Pelorus_2021","Pelorus",238,2021,0.348744201118945,"Ahya_238"
"Pelorus","Pelorus_239_2021","Pelorus_2021","Pelorus",239,2021,0.313283783859098,"Ahya_239"
"Pelorus","Pelorus_240_2021","Pelorus_2021","Pelorus",240,2021,0.369059008756178,"Ahya_240"
"Pelorus","Pelorus_241_2021","Pelorus_2021","Pelorus",241,2021,0.457130888085409,"Ahya_241"
"Pelorus","Pelorus_242_2021","Pelorus_2021","Pelorus",242,2021,0.246201293666067,"Ahya_242"
"Pelorus","Pelorus_243_2021","Pelorus_2021","Pelorus",243,2021,0.319734759458768,"Ahya_243"
"Pelorus","Pelorus_244_2021","Pelorus_2021","Pelorus",244,2021,0.469845574143808,"Ahya_244"
"Pelorus","Pelorus_245_2021","Pelorus_2021","Pelorus",245,2021,0.476254125380625,"Ahya_245"
"Pelorus","Pelorus_246_2021","Pelorus_2021","Pelorus",246,2021,0.414380140479441,"Ahya_246"
"Pelorus","Pelorus_247_2021","Pelorus_2021","Pelorus",247,2021,0.382652239755302,"Ahya_247"
"Pelorus","Pelorus_248_2021","Pelorus_2021","Pelorus",248,2021,0.405964935403551,"Ahya_248"
"Pelorus","Pelorus_249_2021","Pelorus_2021","Pelorus",249,2021,0.422531737669196,"Ahya_249"
"Pelorus","Pelorus_250_2021","Pelorus_2021","Pelorus",250,2021,0.270429415891026,"Ahya_250"
"StCrispin-15April","StCrispin-15April_251_2021","StCrispin-15April_2021","St Crispin",251,2021,0.178519867289005,"Ahya_251"
"StCrispin-15April","StCrispin-15April_252_2021","StCrispin-15April_2021","St Crispin",252,2021,0.206355400175737,"Ahya_252"
"StCrispin-15April","StCrispin-15April_253_2021","StCrispin-15April_2021","St Crispin",253,2021,0.153447283585167,"Ahya_253"
"StCrispin-15April","StCrispin-15April_254_2021","StCrispin-15April_2021","St Crispin",254,2021,0.208507608648956,"Ahya_254"
"StCrispin-15April","StCrispin-15April_255_2021","StCrispin-15April_2021","St Crispin",255,2021,0.234260480130595,"Ahya_255"
"StCrispin-15April","StCrispin-15April_256_2021","StCrispin-15April_2021","St Crispin",256,2021,0.220880865971456,"Ahya_256"
"StCrispin-15April","StCrispin-15April_258_2021","StCrispin-15April_2021","St Crispin",258,2021,0.281985871325576,"Ahya_258"
"StCrispin-15April","StCrispin-15April_259_2021","StCrispin-15April_2021","St Crispin",259,2021,0.337727459415305,"Ahya_259"
"StCrispin-15April","StCrispin-15April_260_2021","StCrispin-15April_2021","St Crispin",260,2021,0.238060502252666,"Ahya_260"
"StCrispin-15April","StCrispin-15April_261_2021","StCrispin-15April_2021","St Crispin",261,2021,0.264183375123384,"Ahya_261"
"StCrispin-15April","StCrispin-15April_262_2021","StCrispin-15April_2021","St Crispin",262,2021,0.300899994349539,"Ahya_262"
"StCrispin-15April","StCrispin-15April_263_2021","StCrispin-15April_2021","St Crispin",263,2021,0.142990693287151,"Ahya_263"
"StCrispin-15April","StCrispin-15April_264_2021","StCrispin-15April_2021","St Crispin",264,2021,0.108388695041801,"Ahya_264"
"StCrispin-15April","StCrispin-15April_265_2021","StCrispin-15April_2021","St Crispin",265,2021,0.113298312864903,"Ahya_265"
"StCrispin-15April","StCrispin-15April_266_2021","StCrispin-15April_2021","St Crispin",266,2021,0.139061894034296,"Ahya_266"
"StCrispin-15April","StCrispin-15April_267_2021","StCrispin-15April_2021","St Crispin",267,2021,0.419141167700158,"Ahya_267"
"StCrispin-15April","StCrispin-15April_257_2021","StCrispin-15April_2021","St Crispin",257,2021,0.320219298266788,"Ahya_257"
"Fitzroy","Fitzroy_361_2021","Fitzroy_2021","Fitzroy Island",361,2021,0.12299768047128,"Ahya_361"
"Fitzroy","Fitzroy_362_2021","Fitzroy_2021","Fitzroy Island",362,2021,0.0621056971419642,"Ahya_362"
"Fitzroy","Fitzroy_363_2021","Fitzroy_2021","Fitzroy Island",363,2021,0.0639949762249479,"Ahya_363"
"Fitzroy","Fitzroy_364_2021","Fitzroy_2021","Fitzroy Island",364,2021,0.104112516546999,"Ahya_364"
"Fitzroy","Fitzroy_365_2021","Fitzroy_2021","Fitzroy Island",365,2021,0.0885734715874151,"Ahya_365"
"Fitzroy","Fitzroy_366_2021","Fitzroy_2021","Fitzroy Island",366,2021,0.0875080766754898,"Ahya_366"
"Fitzroy","Fitzroy_367_2021","Fitzroy_2021","Fitzroy Island",367,2021,0.0159239295666762,"Ahya_367"
"Fitzroy","Fitzroy_368_2021","Fitzroy_2021","Fitzroy Island",368,2021,0,"Ahya_368"
"Fitzroy","Fitzroy_369_2021","Fitzroy_2021","Fitzroy Island",369,2021,0,"Ahya_369"
"Fitzroy","Fitzroy_370_2021","Fitzroy_2021","Fitzroy Island",370,2021,0.00716462077865708,"Ahya_370"
"Fitzroy","Fitzroy_371_2021","Fitzroy_2021","Fitzroy Island",371,2021,0.0319064892127584,"Ahya_371"
"Fitzroy","Fitzroy_372_2021","Fitzroy_2021","Fitzroy Island",372,2021,0.0429326013319608,"Ahya_372"
"Fitzroy","Fitzroy_373_2021","Fitzroy_2021","Fitzroy Island",373,2021,0,"Ahya_373"
"Fitzroy","Fitzroy_374_2021","Fitzroy_2021","Fitzroy Island",374,2021,0,"Ahya_374"
"Moore","Moore_375_2021","Moore_2021","Moore",375,2021,0.264796556193785,"Ahya_375"
"Moore","Moore_376_2021","Moore_2021","Moore",376,2021,0.199881505732725,"Ahya_376"
"Moore","Moore_377_2021","Moore_2021","Moore",377,2021,0.230510446343779,"Ahya_377"
"Moore","Moore_378_2021","Moore_2021","Moore",378,2021,0.0891077441077444,"Ahya_378"
"Moore","Moore_379_2021","Moore_2021","Moore",379,2021,0.210868812124791,"Ahya_379"
"Moore","Moore_380_2021","Moore_2021","Moore",380,2021,0.182773734284744,"Ahya_380"
"Moore","Moore_381_2021","Moore_2021","Moore",381,2021,0.223528266913809,"Ahya_381"
"Moore","Moore_382_2021","Moore_2021","Moore",382,2021,0.349349217034182,"Ahya_382"
"Moore","Moore_383_2021","Moore_2021","Moore",383,2021,0.122701519352191,"Ahya_383"
"Moore","Moore_384_2021","Moore_2021","Moore",384,2021,0.250072385640859,"Ahya_384"
"Moore","Moore_385_2021","Moore_2021","Moore",385,2021,0.136370837925391,"Ahya_385"
"Moore","Moore_386_2021","Moore_2021","Moore",386,2021,0.230170634172895,"Ahya_386"
"Moore","Moore_387_2021","Moore_2021","Moore",387,2021,0.139432132222557,"Ahya_387"
"Moore","Moore_388_2021","Moore_2021","Moore",388,2021,0.257536131626958,"Ahya_388"
"Moore","Moore_389_2021","Moore_2021","Moore",389,2021,0.151634170805938,"Ahya_389"
"Moore","Moore_390_2021","Moore_2021","Moore",390,2021,0.164153787559885,"Ahya_390"
"Moore","Moore_391_2021","Moore_2021","Moore",391,2021,0.212192328042328,"Ahya_391"
"Moore","Moore_392_2021","Moore_2021","Moore",392,2021,0.308038548061417,"Ahya_392"
"Moore","Moore_393_2021","Moore_2021","Moore",393,2021,0.154896834055646,"Ahya_393"
"Moore","Moore_394_2021","Moore_2021","Moore",394,2021,0.169528858456963,"Ahya_394"
"Moore","Moore_395_2021","Moore_2021","Moore",395,2021,0.22363647024333,"Ahya_395"
"Moore","Moore_396_2021","Moore_2021","Moore",396,2021,0.0518500300263828,"Ahya_396"
"Moore","Moore_397_2021","Moore_2021","Moore",397,2021,0.106519262072707,"Ahya_397"
"Moore","Moore_398_2021","Moore_2021","Moore",398,2021,0.205345048508146,"Ahya_398"
"Moore","Moore_399_2021","Moore_2021","Moore",399,2021,0.263774375545966,"Ahya_399"
"Moore","Moore_400_2021","Moore_2021","Moore",400,2021,0.151159818028977,"Ahya_400"
"Moore","Moore_401_2021","Moore_2021","Moore",401,2021,0.200711918685603,"Ahya_401"
"Moore","Moore_402_2021","Moore_2021","Moore",402,2021,0.0729684367669013,"Ahya_402"
"Moore","Moore_403_2021","Moore_2021","Moore",403,2021,0.163331047505466,"Ahya_403"
"Moore","Moore_404_2021","Moore_2021","Moore",404,2021,0.219934381626855,"Ahya_404"
"Moore","Moore_405_2021","Moore_2021","Moore",405,2021,0.103201471941122,"Ahya_405"
"Moore","Moore_406_2021","Moore_2021","Moore",406,2021,0.265172955658753,"Ahya_406"
"Moore","Moore_407_2021","Moore_2021","Moore",407,2021,0.168820255141234,"Ahya_407"
"Moore","Moore_408_2021","Moore_2021","Moore",408,2021,0.148048470463109,"Ahya_408"
"Moore","Moore_410_2021","Moore_2021","Moore",410,2021,0.192881456987792,"Ahya_410"
"Moore","Moore_411_2021","Moore_2021","Moore",411,2021,0.132937666620129,"Ahya_411"
"Moore","Moore_412_2021","Moore_2021","Moore",412,2021,0.0418218914375576,"Ahya_412"
"Moore","Moore_413_2021","Moore_2021","Moore",413,2021,0.156134259259259,"Ahya_413"
"Moore","Moore_414_2021","Moore_2021","Moore",414,2021,0.133339100589386,"Ahya_414"
"Moore","Moore_415_2021","Moore_2021","Moore",415,2021,0.0983751935435253,"Ahya_415"
"Moore","Moore_416_2021","Moore_2021","Moore",416,2021,0.197188096513273,"Ahya_416"
"Moore","Moore_417_2021","Moore_2021","Moore",417,2021,0.226042174320525,"Ahya_417"
"Moore","Moore_418_2021","Moore_2021","Moore",418,2021,0.231837206274816,"Ahya_418"
"Moore","Moore_419_2021","Moore_2021","Moore",419,2021,0.248452300590818,"Ahya_419"
"Moore","Moore_420_2021","Moore_2021","Moore",420,2021,0.244018243507419,"Ahya_420"
"Moore","Moore_421_2021","Moore_2021","Moore",421,2021,0.282923462607225,"Ahya_421"
"Moore","Moore_422_2021","Moore_2021","Moore",422,2021,0.187807150150509,"Ahya_422"
"Moore","Moore_423_2021","Moore_2021","Moore",423,2021,0.249011804011804,"Ahya_423"
"Moore","Moore_424_2021","Moore_2021","Moore",424,2021,0.168295338848771,"Ahya_424"
"Moore","Moore_425_2021","Moore_2021","Moore",425,2021,0.245667720013592,"Ahya_425"
"Heron","Heron_1796_2022","Heron_2022","Heron",1796,2022,0.518639132282532,"Ahya_1796"
"Heron","Heron_1797_2022","Heron_2022","Heron",1797,2022,0.408059864120539,"Ahya_1797"
"Heron","Heron_1798_2022","Heron_2022","Heron",1798,2022,0.595442135689828,"Ahya_1798"
"Heron","Heron_1799_2022","Heron_2022","Heron",1799,2022,0.555371027142067,"Ahya_1799"
"Heron","Heron_1800_2022","Heron_2022","Heron",1800,2022,0.511609217367041,"Ahya_1800"
"Heron","Heron_1801_2022","Heron_2022","Heron",1801,2022,0.448319542793212,"Ahya_1801"
"Heron","Heron_1802_2022","Heron_2022","Heron",1802,2022,0.440500923227841,"Ahya_1802"
"Heron","Heron_1803_2022","Heron_2022","Heron",1803,2022,0.445934729385606,"Ahya_1803"
"Heron","Heron_1804_2022","Heron_2022","Heron",1804,2022,0.420692191582043,"Ahya_1804"
"Heron","Heron_1805_2022","Heron_2022","Heron",1805,2022,0.47927485001646,"Ahya_1805"
"Heron","Heron_1806_2022","Heron_2022","Heron",1806,2022,0.487438684169766,"Ahya_1806"
"Heron","Heron_1808_2022","Heron_2022","Heron",1808,2022,0.588973376003817,"Ahya_1808"
"Heron","Heron_1809_2022","Heron_2022","Heron",1809,2022,0.599092813313285,"Ahya_1809"
"Heron","Heron_1807_2022","Heron_2022","Heron",1807,2022,0.513466602372227,"Ahya_1807"
"LadyMusgrave","LadyMusgrave_1781_2022","LadyMusgrave_2022","Lady Musgrave",1781,2022,0.537124364364277,"Ahya_1781"
"LadyMusgrave","LadyMusgrave_1783_2022","LadyMusgrave_2022","Lady Musgrave",1783,2022,0.499187001308603,"Ahya_1783"
"LadyMusgrave","LadyMusgrave_1784_2022","LadyMusgrave_2022","Lady Musgrave",1784,2022,0.400941045068485,"Ahya_1784"
"LadyMusgrave","LadyMusgrave_1785_2022","LadyMusgrave_2022","Lady Musgrave",1785,2022,0.480203089801128,"Ahya_1785"
"LadyMusgrave","LadyMusgrave_1786_2022","LadyMusgrave_2022","Lady Musgrave",1786,2022,0.449945310205553,"Ahya_1786"
"LadyMusgrave","LadyMusgrave_1780_2022","LadyMusgrave_2022","Lady Musgrave",1780,2022,0.576216809778387,"Ahya_1780"
"LadyMusgrave","LadyMusgrave_1787_2022","LadyMusgrave_2022","Lady Musgrave",1787,2022,0.487419925252038,"Ahya_1787"
"LadyMusgrave","LadyMusgrave_1788_2022","LadyMusgrave_2022","Lady Musgrave",1788,2022,0.6175910569836,"Ahya_1788"
"LadyMusgrave","LadyMusgrave_1789_2022","LadyMusgrave_2022","Lady Musgrave",1789,2022,0.540646172276937,"Ahya_1789"
"LadyMusgrave","LadyMusgrave_1790_2022","LadyMusgrave_2022","Lady Musgrave",1790,2022,0.553339205501448,"Ahya_1790"
"LadyMusgrave","LadyMusgrave_1791_2022","LadyMusgrave_2022","Lady Musgrave",1791,2022,0.609160293915483,"Ahya_1791"
"Mackay","Mackay_787_2022","Mackay_2022","Mackay",787,2022,0.397511101214805,"Ahya_787"
"Mackay","Mackay_788_2022","Mackay_2022","Mackay",788,2022,0.364760041911292,"Ahya_788"
"Mackay","Mackay_789_2022","Mackay_2022","Mackay",789,2022,0.488282583605504,"Ahya_789"
"Mackay","Mackay_790_2022","Mackay_2022","Mackay",790,2022,0.452487450915488,"Ahya_790"
"Mackay","Mackay_791_2022","Mackay_2022","Mackay",791,2022,0.43365611067332,"Ahya_791"
"Mackay","Mackay_792_2022","Mackay_2022","Mackay",792,2022,0.442036531765801,"Ahya_792"
"Mackay","Mackay_793_2022","Mackay_2022","Mackay",793,2022,0.252696310049678,"Ahya_793"
"Mackay","Mackay_794_2022","Mackay_2022","Mackay",794,2022,0.431781558273376,"Ahya_794"
"Mackay","Mackay_795_2022","Mackay_2022","Mackay",795,2022,0.448352104827419,"Ahya_795"
"Mackay","Mackay_796_2022","Mackay_2022","Mackay",796,2022,0.445465397153867,"Ahya_796"
