"Site","Genotype","Site_year","Site_geno_year","RelativeNDVI9C","eventID"
"Chicken",313,"Chicken_2021","Chicken_313_2021",0.194054192234169,"Ahya_313"
"Chicken",314,"Chicken_2021","Chicken_314_2021",0.307532918847883,"Ahya_314"
"Chicken",315,"Chicken_2021","Chicken_315_2021",0.281156980823676,"Ahya_315"
"Chicken",316,"Chicken_2021","Chicken_316_2021",0.267645036324067,"Ahya_316"
"Chicken",305,"Chicken_2021","Chicken_305_2021",0.217626788562101,"Ahya_305"
"Chicken",306,"Chicken_2021","Chicken_306_2021",0.181151758872663,"Ahya_306"
"Chicken",307,"Chicken_2021","Chicken_307_2021",0.171987393340453,"Ahya_307"
"Chicken",308,"Chicken_2021","Chicken_308_2021",0.18398766600478,"Ahya_308"
"Chicken",309,"Chicken_2021","Chicken_309_2021",0.272027913258413,"Ahya_309"
"Chicken",311,"Chicken_2021","Chicken_311_2021",0.347209997763937,"Ahya_311"
"Chicken",312,"Chicken_2021","Chicken_312_2021",0.252531954721257,"Ahya_312"
"Chicken",325,"Chicken_2021","Chicken_325_2021",0.362308865782529,"Ahya_325"
"Chicken",326,"Chicken_2021","Chicken_326_2021",0.442525495342944,"Ahya_326"
"Chicken",327,"Chicken_2021","Chicken_327_2021",0.276322977141291,"Ahya_327"
"Chicken",328,"Chicken_2021","Chicken_328_2021",0.382085398198017,"Ahya_328"
"Chicken",329,"Chicken_2021","Chicken_329_2021",0.681495407987377,"Ahya_329"
"Chicken",321,"Chicken_2021","Chicken_321_2021",0.10540991960003,"Ahya_321"
"Chicken",322,"Chicken_2021","Chicken_322_2021",0.381891032986845,"Ahya_322"
"Chicken",323,"Chicken_2021","Chicken_323_2021",0.327305003317494,"Ahya_323"
"Chicken",324,"Chicken_2021","Chicken_324_2021",0.288955254932257,"Ahya_324"
"Chicken",317,"Chicken_2021","Chicken_317_2021",0.297479797574998,"Ahya_317"
"Chicken",318,"Chicken_2021","Chicken_318_2021",0.25152227931534,"Ahya_318"
"Chicken",319,"Chicken_2021","Chicken_319_2021",0.342806533580722,"Ahya_319"
"Chicken",320,"Chicken_2021","Chicken_320_2021",0.185266086870095,"Ahya_320"
"Chicken",301,"Chicken_2021","Chicken_301_2021",0.158720549202725,"Ahya_301"
"Chicken",302,"Chicken_2021","Chicken_302_2021",0.176381629254029,"Ahya_302"
"Chicken",303,"Chicken_2021","Chicken_303_2021",0.145824908318406,"Ahya_303"
"Chicken",304,"Chicken_2021","Chicken_304_2021",0.271460483106252,"Ahya_304"
"Chicken",330,"Chicken_2021","Chicken_330_2021",0.372275061184745,"Ahya_330"
"Davies",347,"Davies_2021","Davies_347_2021",0.28269611403549,"Ahya_347"
"Davies",348,"Davies_2021","Davies_348_2021",0.264256146732289,"Ahya_348"
"Davies",349,"Davies_2021","Davies_349_2021",0.268474272239117,"Ahya_349"
"Davies",350,"Davies_2021","Davies_350_2021",0.531402864129368,"Ahya_350"
"Davies",355,"Davies_2021","Davies_355_2021",0.351146080104523,"Ahya_355"
"Davies",356,"Davies_2021","Davies_356_2021",0.250696247399868,"Ahya_356"
"Davies",357,"Davies_2021","Davies_357_2021",0.299739650046748,"Ahya_357"
"Davies",358,"Davies_2021","Davies_358_2021",0.278915048583348,"Ahya_358"
"Davies",331,"Davies_2021","Davies_331_2021",0.243394141212129,"Ahya_331"
"Davies",332,"Davies_2021","Davies_332_2021",0.225806053925194,"Ahya_332"
"Davies",333,"Davies_2021","Davies_333_2021",0.420597725628519,"Ahya_333"
"Davies",334,"Davies_2021","Davies_334_2021",0.188889200858714,"Ahya_334"
"Davies",351,"Davies_2021","Davies_351_2021",0.327642476413899,"Ahya_351"
"Davies",352,"Davies_2021","Davies_352_2021",0.287509074459868,"Ahya_352"
"Davies",353,"Davies_2021","Davies_353_2021",0.454452350444097,"Ahya_353"
"Davies",354,"Davies_2021","Davies_354_2021",0.308352077103288,"Ahya_354"
"Davies",339,"Davies_2021","Davies_339_2021",0.137595428640096,"Ahya_339"
"Davies",340,"Davies_2021","Davies_340_2021",0.116821954376384,"Ahya_340"
"Davies",341,"Davies_2021","Davies_341_2021",0.280743556303913,"Ahya_341"
"Davies",342,"Davies_2021","Davies_342_2021",0.15131384911012,"Ahya_342"
"Davies",335,"Davies_2021","Davies_335_2021",0.24756682105902,"Ahya_335"
"Davies",336,"Davies_2021","Davies_336_2021",0.277725347236956,"Ahya_336"
"Davies",337,"Davies_2021","Davies_337_2021",0.236203221729269,"Ahya_337"
"Davies",338,"Davies_2021","Davies_338_2021",0.240415532402596,"Ahya_338"
"Davies",359,"Davies_2021","Davies_359_2021",0.364184663835401,"Ahya_359"
"Davies",360,"Davies_2021","Davies_360_2021",0.312687777645883,"Ahya_360"
"Davies",343,"Davies_2021","Davies_343_2021",0.297571728546685,"Ahya_343"
"Davies",344,"Davies_2021","Davies_344_2021",0.229720039957553,"Ahya_344"
"Davies",345,"Davies_2021","Davies_345_2021",0.267580596101166,"Ahya_345"
"Davies",346,"Davies_2021","Davies_346_2021",0.37269901570375,"Ahya_346"
"EastCay-22Jan",42,"EastCay-22Jan_2021","EastCay-22Jan_42_2021",0.33610673728763,"Ahya_42a"
"EastCay-22Jan",43,"EastCay-22Jan_2021","EastCay-22Jan_43_2021",0.480397998329759,"Ahya_43a"
"EastCay-22Jan",41,"EastCay-22Jan_2021","EastCay-22Jan_41_2021",0.544720409781026,"Ahya_41a"
"EastCay-22Jan",45,"EastCay-22Jan_2021","EastCay-22Jan_45_2021",0.498545004635772,"Ahya_45a"
"EastCay-22Jan",38,"EastCay-22Jan_2021","EastCay-22Jan_38_2021",0.380343480211859,"Ahya_38a"
"EastCay-22Jan",39,"EastCay-22Jan_2021","EastCay-22Jan_39_2021",0.411552069407657,"Ahya_39a"
"EastCay-22Jan",40,"EastCay-22Jan_2021","EastCay-22Jan_40_2021",0.427783097050412,"Ahya_40a"
"EastCay-22Jan",44,"EastCay-22Jan_2021","EastCay-22Jan_44_2021",0.499653719933128,"Ahya_44a"
"EastCay-22Jan",51,"EastCay-22Jan_2021","EastCay-22Jan_51_2021",0.354815970268903,"Ahya_51a"
"EastCay-23Jan",55,"EastCay-23Jan_2021","EastCay-23Jan_55_2021",0.371691975557403,"Ahya_55a"
"EastCay-23Jan",56,"EastCay-23Jan_2021","EastCay-23Jan_56_2021",0.503469337706736,"Ahya_56a"
"EastCay-23Jan",57,"EastCay-23Jan_2021","EastCay-23Jan_57_2021",0.443971906232629,"Ahya_57a"
"EastCay-23Jan",58,"EastCay-23Jan_2021","EastCay-23Jan_58_2021",0.59373714294146,"Ahya_58a"
"EastCay-23Jan",82,"EastCay-23Jan_2021","EastCay-23Jan_82_2021",0.415683793518406,"Ahya_82a"
"EastCay-23Jan",83,"EastCay-23Jan_2021","EastCay-23Jan_83_2021",0.388455660814017,"Ahya_83a"
"EastCay-23Jan",84,"EastCay-23Jan_2021","EastCay-23Jan_84_2021",0.500306689031466,"Ahya_84a"
"EastCay-23Jan",85,"EastCay-23Jan_2021","EastCay-23Jan_85_2021",0.176148475734633,"Ahya_85a"
"EastCay-23Jan",59,"EastCay-23Jan_2021","EastCay-23Jan_59_2021",0.302548503016231,"Ahya_59a"
"EastCay-23Jan",60,"EastCay-23Jan_2021","EastCay-23Jan_60_2021",0.403595457534686,"Ahya_60a"
"EastCay-23Jan",61,"EastCay-23Jan_2021","EastCay-23Jan_61_2021",0.53113823044916,"Ahya_61a"
"EastCay-23Jan",81,"EastCay-23Jan_2021","EastCay-23Jan_81_2021",0.438020433191113,"Ahya_81a"
"EastCay-23Jan",67,"EastCay-23Jan_2021","EastCay-23Jan_67_2021",0.214142803462858,"Ahya_67a"
"EastCay-23Jan",68,"EastCay-23Jan_2021","EastCay-23Jan_68_2021",0.503284059459052,"Ahya_68a"
"EastCay-23Jan",69,"EastCay-23Jan_2021","EastCay-23Jan_69_2021",0.504275768508151,"Ahya_69a"
"EastCay-23Jan",70,"EastCay-23Jan_2021","EastCay-23Jan_70_2021",0.245988640506102,"Ahya_70a"
"EastCay-23Jan",72,"EastCay-23Jan_2021","EastCay-23Jan_72_2021",0.229247813795035,"Ahya_72a"
"EastCay-23Jan",73,"EastCay-23Jan_2021","EastCay-23Jan_73_2021",0.165976597629165,"Ahya_73a"
"EastCay-23Jan",74,"EastCay-23Jan_2021","EastCay-23Jan_74_2021",0.324922372870749,"Ahya_74a"
"EastCay-23Jan",75,"EastCay-23Jan_2021","EastCay-23Jan_75_2021",0.345007181729913,"Ahya_75a"
"EastCay-23Jan",71,"EastCay-23Jan_2021","EastCay-23Jan_71_2021",0.353589413926391,"Ahya_71a"
"EastCay-23Jan",52,"EastCay-23Jan_2021","EastCay-23Jan_52_2021",0.41237931337091,"Ahya_52a"
"EastCay-23Jan",53,"EastCay-23Jan_2021","EastCay-23Jan_53_2021",0.662587661838353,"Ahya_53a"
"EastCay-23Jan",54,"EastCay-23Jan_2021","EastCay-23Jan_54_2021",0.421109830131095,"Ahya_54a"
"Fitzroy",373,"Fitzroy_2021","Fitzroy_373_2021",0.203985520426354,"Ahya_373"
"Fitzroy",374,"Fitzroy_2021","Fitzroy_374_2021",0.347245005476977,"Ahya_374"
"Fitzroy",365,"Fitzroy_2021","Fitzroy_365_2021",0.462695474921985,"Ahya_365"
"Fitzroy",366,"Fitzroy_2021","Fitzroy_366_2021",0.33343707639745,"Ahya_366"
"Fitzroy",367,"Fitzroy_2021","Fitzroy_367_2021",0.403241367057858,"Ahya_367"
"Fitzroy",368,"Fitzroy_2021","Fitzroy_368_2021",0.147269162855927,"Ahya_368"
"Fitzroy",369,"Fitzroy_2021","Fitzroy_369_2021",0.229749846993086,"Ahya_369"
"Fitzroy",370,"Fitzroy_2021","Fitzroy_370_2021",0.222882335283523,"Ahya_370"
"Fitzroy",371,"Fitzroy_2021","Fitzroy_371_2021",0.238029760983501,"Ahya_371"
"Fitzroy",372,"Fitzroy_2021","Fitzroy_372_2021",0.170690559247787,"Ahya_372"
"Fitzroy",361,"Fitzroy_2021","Fitzroy_361_2021",0.144189254813627,"Ahya_361"
"Fitzroy",362,"Fitzroy_2021","Fitzroy_362_2021",0.378105747885235,"Ahya_362"
"Fitzroy",363,"Fitzroy_2021","Fitzroy_363_2021",0.121073289677605,"Ahya_363"
"Fitzroy",364,"Fitzroy_2021","Fitzroy_364_2021",0.305188447629341,"Ahya_364"
"Heron",1800,"Heron_2022","Heron_1800_2022",0.243960020797739,"Ahya_1800"
"Heron",1801,"Heron_2022","Heron_1801_2022",0.253897443321432,"Ahya_1801"
"Heron",1802,"Heron_2022","Heron_1802_2022",0.548668476009604,"Ahya_1802"
"Heron",1803,"Heron_2022","Heron_1803_2022",0.247307773906207,"Ahya_1803"
"Heron",1804,"Heron_2022","Heron_1804_2022",0.304852125722597,"Ahya_1804"
"Heron",1805,"Heron_2022","Heron_1805_2022",0.424527990113484,"Ahya_1805"
"Heron",1806,"Heron_2022","Heron_1806_2022",0.446978752735304,"Ahya_1806"
"Heron",1807,"Heron_2022","Heron_1807_2022",0.268625722590226,"Ahya_1807"
"Heron",1808,"Heron_2022","Heron_1808_2022",0.262472167439455,"Ahya_1808"
"Heron",1809,"Heron_2022","Heron_1809_2022",0.15901198684297,"Ahya_1809"
"Heron",1796,"Heron_2022","Heron_1796_2022",0.241178471959415,"Ahya_1796"
"Heron",1797,"Heron_2022","Heron_1797_2022",0.239722764571194,"Ahya_1797"
"Heron",1798,"Heron_2022","Heron_1798_2022",0.556626295412726,"Ahya_1798"
"Heron",1799,"Heron_2022","Heron_1799_2022",0.311639765989469,"Ahya_1799"
"Hicks-20March",5,"Hicks-20March_2021","Hicks-20March_5_2021",NA,"Ahya_5b"
"Hicks-20March",6,"Hicks-20March_2021","Hicks-20March_6_2021",NA,"Ahya_6b"
"Hicks-20March",7,"Hicks-20March_2021","Hicks-20March_7_2021",NA,"Ahya_7b"
"Hicks-20March",8,"Hicks-20March_2021","Hicks-20March_8_2021",NA,"Ahya_8b"
"Hicks-20March",9,"Hicks-20March_2021","Hicks-20March_9_2021",NA,"Ahya_9b"
"Hicks-20March",10,"Hicks-20March_2021","Hicks-20March_10_2021",NA,"Ahya_10b"
"Hicks-20March",11,"Hicks-20March_2021","Hicks-20March_11_2021",NA,"Ahya_11b"
"Hicks-20March",12,"Hicks-20March_2021","Hicks-20March_12_2021",NA,"Ahya_12b"
"Hicks-20March",1,"Hicks-20March_2021","Hicks-20March_1_2021",NA,"Ahya_1b"
"Hicks-20March",2,"Hicks-20March_2021","Hicks-20March_2_2021",NA,"Ahya_2b"
"Hicks-20March",4,"Hicks-20March_2021","Hicks-20March_4_2021",NA,"Ahya_4b"
"Hicks-20March",17,"Hicks-20March_2021","Hicks-20March_17_2021",NA,"Ahya_17b"
"Hicks-20March",18,"Hicks-20March_2021","Hicks-20March_18_2021",NA,"Ahya_18b"
"Hicks-20March",19,"Hicks-20March_2021","Hicks-20March_19_2021",NA,"Ahya_19b"
"Hicks-20March",20,"Hicks-20March_2021","Hicks-20March_20_2021",NA,"Ahya_20b"
"Hicks-20March",13,"Hicks-20March_2021","Hicks-20March_13_2021",NA,"Ahya_13b"
"Hicks-20March",14,"Hicks-20March_2021","Hicks-20March_14_2021",NA,"Ahya_14b"
"Hicks-20March",15,"Hicks-20March_2021","Hicks-20March_15_2021",NA,"Ahya_15b"
"Hicks-20March",16,"Hicks-20March_2021","Hicks-20March_16_2021",NA,"Ahya_16b"
"Hicks-20March",3,"Hicks-20March_2021","Hicks-20March_3_2021",NA,"Ahya_3b"
"Hicks-21March",33,"Hicks-21March_2021","Hicks-21March_33_2021",0.216619350971736,"Ahya_33b"
"Hicks-21March",34,"Hicks-21March_2021","Hicks-21March_34_2021",0.144684020903606,"Ahya_34b"
"Hicks-21March",35,"Hicks-21March_2021","Hicks-21March_35_2021",0.219174757585387,"Ahya_35b"
"Hicks-21March",36,"Hicks-21March_2021","Hicks-21March_36_2021",0.139753746477131,"Ahya_36b"
"Hicks-21March",41,"Hicks-21March_2021","Hicks-21March_41_2021",0.279955390362326,"Ahya_41b"
"Hicks-21March",42,"Hicks-21March_2021","Hicks-21March_42_2021",0.170556472050274,"Ahya_42b"
"Hicks-21March",43,"Hicks-21March_2021","Hicks-21March_43_2021",0.0786432872139468,"Ahya_43b"
"Hicks-21March",37,"Hicks-21March_2021","Hicks-21March_37_2021",0.175261949358658,"Ahya_37b"
"Hicks-21March",38,"Hicks-21March_2021","Hicks-21March_38_2021",0.265529560615524,"Ahya_38b"
"Hicks-21March",39,"Hicks-21March_2021","Hicks-21March_39_2021",0.124760800593415,"Ahya_39b"
"Hicks-21March",40,"Hicks-21March_2021","Hicks-21March_40_2021",0.262810624961163,"Ahya_40b"
"Hicks-21March",25,"Hicks-21March_2021","Hicks-21March_25_2021",0.526495896418182,"Ahya_25b"
"Hicks-21March",26,"Hicks-21March_2021","Hicks-21March_26_2021",0.2948124677169,"Ahya_26b"
"Hicks-21March",27,"Hicks-21March_2021","Hicks-21March_27_2021",0.176939940403114,"Ahya_27b"
"Hicks-21March",28,"Hicks-21March_2021","Hicks-21March_28_2021",0.184516712774599,"Ahya_28b"
"Hicks-21March",21,"Hicks-21March_2021","Hicks-21March_21_2021",0.350906035226548,"Ahya_21b"
"Hicks-21March",22,"Hicks-21March_2021","Hicks-21March_22_2021",0.16478864980363,"Ahya_22b"
"Hicks-21March",23,"Hicks-21March_2021","Hicks-21March_23_2021",0.229994891185148,"Ahya_23b"
"Hicks-21March",24,"Hicks-21March_2021","Hicks-21March_24_2021",0.149739391080608,"Ahya_24b"
"Hicks-21March",29,"Hicks-21March_2021","Hicks-21March_29_2021",0.346351205220844,"Ahya_29b"
"Hicks-21March",30,"Hicks-21March_2021","Hicks-21March_30_2021",0.0800003280723154,"Ahya_30b"
"Hicks-21March",31,"Hicks-21March_2021","Hicks-21March_31_2021",0.178764103875733,"Ahya_31b"
"Hicks-21March",32,"Hicks-21March_2021","Hicks-21March_32_2021",0.087535056126364,"Ahya_32b"
"Kelso",200,"Kelso_2021","Kelso_200_2021",0.13863521499396,"Ahya_200"
"Kelso",201,"Kelso_2021","Kelso_201_2021",0.140995026046201,"Ahya_201"
"Kelso",202,"Kelso_2021","Kelso_202_2021",0.0608130729462076,"Ahya_202"
"Kelso",203,"Kelso_2021","Kelso_203_2021",0.201881966271268,"Ahya_203"
"Kelso",220,"Kelso_2021","Kelso_220_2021",0.153462764424379,"Ahya_220"
"Kelso",204,"Kelso_2021","Kelso_204_2021",0.124035647062613,"Ahya_204"
"Kelso",205,"Kelso_2021","Kelso_205_2021",0.100218919628382,"Ahya_205"
"Kelso",206,"Kelso_2021","Kelso_206_2021",0.153512051176507,"Ahya_206"
"Kelso",207,"Kelso_2021","Kelso_207_2021",0.127035658665365,"Ahya_207"
"Kelso",208,"Kelso_2021","Kelso_208_2021",0.142275099512088,"Ahya_208"
"Kelso",209,"Kelso_2021","Kelso_209_2021",0.248312227843012,"Ahya_209"
"Kelso",210,"Kelso_2021","Kelso_210_2021",0.311100593289479,"Ahya_210"
"Kelso",211,"Kelso_2021","Kelso_211_2021",0.444034929108433,"Ahya_211"
"Kelso",188,"Kelso_2021","Kelso_188_2021",0.230839538769913,"Ahya_188"
"Kelso",189,"Kelso_2021","Kelso_189_2021",0.187249197203721,"Ahya_189"
"Kelso",190,"Kelso_2021","Kelso_190_2021",0.134580194964805,"Ahya_190"
"Kelso",191,"Kelso_2021","Kelso_191_2021",0.424466983796923,"Ahya_191"
"Kelso",196,"Kelso_2021","Kelso_196_2021",0.281042223282789,"Ahya_196"
"Kelso",197,"Kelso_2021","Kelso_197_2021",0.19550148954694,"Ahya_197"
"Kelso",198,"Kelso_2021","Kelso_198_2021",0.356006563896594,"Ahya_198"
"Kelso",199,"Kelso_2021","Kelso_199_2021",0.234397280264743,"Ahya_199"
"Kelso",212,"Kelso_2021","Kelso_212_2021",0.227379908990228,"Ahya_212"
"Kelso",213,"Kelso_2021","Kelso_213_2021",0.159944327584168,"Ahya_213"
"Kelso",214,"Kelso_2021","Kelso_214_2021",0.0645303272641959,"Ahya_214"
"Kelso",215,"Kelso_2021","Kelso_215_2021",0.140475759252743,"Ahya_215"
"Kelso",219,"Kelso_2021","Kelso_219_2021",0.0953018696368497,"Ahya_219"
"Kelso",218,"Kelso_2021","Kelso_218_2021",0.322417395014024,"Ahya_218"
"Kelso",217,"Kelso_2021","Kelso_217_2021",0.2083869494013,"Ahya_217"
"Kelso",216,"Kelso_2021","Kelso_216_2021",0.199164219038415,"Ahya_216"
"Kelso",192,"Kelso_2021","Kelso_192_2021",0.128896373772085,"Ahya_192"
"Kelso",193,"Kelso_2021","Kelso_193_2021",0.214031112324777,"Ahya_193"
"Kelso",194,"Kelso_2021","Kelso_194_2021",0.333130558340763,"Ahya_194"
"Kelso",195,"Kelso_2021","Kelso_195_2021",0.192006545038008,"Ahya_195"
"LadyMusgrave",98,"LadyMusgrave_2021","LadyMusgrave_98_2021",0.949123091632017,"Ahya_98a"
"LadyMusgrave",99,"LadyMusgrave_2021","LadyMusgrave_99_2021",0.904401451838986,"Ahya_99a"
"LadyMusgrave",100,"LadyMusgrave_2021","LadyMusgrave_100_2021",0.505182966895321,"Ahya_100a"
"LadyMusgrave",101,"LadyMusgrave_2021","LadyMusgrave_101_2021",0.215981580904974,"Ahya_101a"
"LadyMusgrave",102,"LadyMusgrave_2021","LadyMusgrave_102_2021",0.605943438067756,"Ahya_102a"
"LadyMusgrave",103,"LadyMusgrave_2021","LadyMusgrave_103_2021",0.571473646822534,"Ahya_103a"
"LadyMusgrave",104,"LadyMusgrave_2021","LadyMusgrave_104_2021",0.670080781796357,"Ahya_104a"
"LadyMusgrave",105,"LadyMusgrave_2021","LadyMusgrave_105_2021",0.758909244707066,"Ahya_105a"
"LadyMusgrave",106,"LadyMusgrave_2021","LadyMusgrave_106_2021",0.690504544015745,"Ahya_106a"
"LadyMusgrave",107,"LadyMusgrave_2021","LadyMusgrave_107_2021",0.702073466833079,"Ahya_107a"
"LadyMusgrave",108,"LadyMusgrave_2021","LadyMusgrave_108_2021",0.590498320744175,"Ahya_108a"
"LadyMusgrave",109,"LadyMusgrave_2021","LadyMusgrave_109_2021",0.611627293223013,"Ahya_109a"
"LadyMusgrave",80,"LadyMusgrave_2021","LadyMusgrave_80_2021",0.462928104130202,"Ahya_80a"
"LadyMusgrave",95,"LadyMusgrave_2021","LadyMusgrave_95_2021",0.470447915496939,"Ahya_95a"
"LadyMusgrave",96,"LadyMusgrave_2021","LadyMusgrave_96_2021",0.651250220663578,"Ahya_96a"
"LadyMusgrave",97,"LadyMusgrave_2021","LadyMusgrave_97_2021",0.699203008725019,"Ahya_97a"
"LadyMusgrave",114,"LadyMusgrave_2021","LadyMusgrave_114_2021",0.434132703092341,"Ahya_114a"
"LadyMusgrave",115,"LadyMusgrave_2021","LadyMusgrave_115_2021",0.494522827531649,"Ahya_115a"
"LadyMusgrave",116,"LadyMusgrave_2021","LadyMusgrave_116_2021",0.47743748641277,"Ahya_116a"
"LadyMusgrave",117,"LadyMusgrave_2021","LadyMusgrave_117_2021",0.284159575243783,"Ahya_117a"
"LadyMusgrave",76,"LadyMusgrave_2021","LadyMusgrave_76_2021",0.10832863450775,"Ahya_76a"
"LadyMusgrave",77,"LadyMusgrave_2021","LadyMusgrave_77_2021",0.531555921567029,"Ahya_77a"
"LadyMusgrave",78,"LadyMusgrave_2021","LadyMusgrave_78_2021",0.646423956537887,"Ahya_78a"
"LadyMusgrave",79,"LadyMusgrave_2021","LadyMusgrave_79_2021",0.795323835844466,"Ahya_79a"
"LadyMusgrave",118,"LadyMusgrave_2021","LadyMusgrave_118_2021",0.639697804617485,"Ahya_118a"
"LadyMusgrave",111,"LadyMusgrave_2021","LadyMusgrave_111_2021",0.352523852002806,"Ahya_111a"
"LadyMusgrave",120,"LadyMusgrave_2021","LadyMusgrave_120_2021",0.29486820670684,"Ahya_120a"
"LadyMusgrave",110,"LadyMusgrave_2021","LadyMusgrave_110_2021",0.324161535918463,"Ahya_110a"
"LadyMusgrave",119,"LadyMusgrave_2021","LadyMusgrave_119_2021",0.68565144726839,"Ahya_119a"
"LadyMusgrave",112,"LadyMusgrave_2021","LadyMusgrave_112_2021",0.336827578167195,"Ahya_112a"
"LadyMusgrave",113,"LadyMusgrave_2021","LadyMusgrave_113_2021",0.512177693040432,"Ahya_113a"
"LadyMusgrave",1786,"LadyMusgrave_2022","LadyMusgrave_1786_2022",0.186243088102801,"Ahya_1786"
"LadyMusgrave",1780,"LadyMusgrave_2022","LadyMusgrave_1780_2022",0.0990063400785237,"Ahya_1780"
"LadyMusgrave",1787,"LadyMusgrave_2022","LadyMusgrave_1787_2022",0.154917632137782,"Ahya_1787"
"LadyMusgrave",1788,"LadyMusgrave_2022","LadyMusgrave_1788_2022",0.200886291682457,"Ahya_1788"
"LadyMusgrave",1781,"LadyMusgrave_2022","LadyMusgrave_1781_2022",0.29937002906824,"Ahya_1781"
"LadyMusgrave",1783,"LadyMusgrave_2022","LadyMusgrave_1783_2022",0.203114546066901,"Ahya_1783"
"LadyMusgrave",1784,"LadyMusgrave_2022","LadyMusgrave_1784_2022",0.16589860679509,"Ahya_1784"
"LadyMusgrave",1785,"LadyMusgrave_2022","LadyMusgrave_1785_2022",0.155220427122126,"Ahya_1785"
"LadyMusgrave",1789,"LadyMusgrave_2022","LadyMusgrave_1789_2022",0.167634836808663,"Ahya_1789"
"LadyMusgrave",1790,"LadyMusgrave_2022","LadyMusgrave_1790_2022",0.111272269696332,"Ahya_1790"
"LadyMusgrave",1791,"LadyMusgrave_2022","LadyMusgrave_1791_2022",0.120013276461052,"Ahya_1791"
"Mackay",292,"Mackay_2021","Mackay_292_2021",0.17044996401786,"Ahya_292"
"Mackay",293,"Mackay_2021","Mackay_293_2021",0.148752383978011,"Ahya_293"
"Mackay",294,"Mackay_2021","Mackay_294_2021",0.222296353919632,"Ahya_294"
"Mackay",295,"Mackay_2021","Mackay_295_2021",0.240231758945754,"Ahya_295"
"Mackay",275,"Mackay_2021","Mackay_275_2021",0.245210404676096,"Ahya_275"
"Mackay",274,"Mackay_2021","Mackay_274_2021",0.271924317047036,"Ahya_274"
"Mackay",273,"Mackay_2021","Mackay_273_2021",0.245450339548966,"Ahya_273"
"Mackay",272,"Mackay_2021","Mackay_272_2021",0.299736196869512,"Ahya_272"
"Mackay",296,"Mackay_2021","Mackay_296_2021",0.176061445255274,"Ahya_296"
"Mackay",297,"Mackay_2021","Mackay_297_2021",0.111755378758653,"Ahya_297"
"Mackay",298,"Mackay_2021","Mackay_298_2021",0.157626253120431,"Ahya_298"
"Mackay",299,"Mackay_2021","Mackay_299_2021",0.11082630216346,"Ahya_299"
"Mackay",288,"Mackay_2021","Mackay_288_2021",0.33207807459236,"Ahya_288"
"Mackay",289,"Mackay_2021","Mackay_289_2021",0.283820931123427,"Ahya_289"
"Mackay",290,"Mackay_2021","Mackay_290_2021",0.260256342421765,"Ahya_290"
"Mackay",291,"Mackay_2021","Mackay_291_2021",0.41535413315648,"Ahya_291"
"Mackay",300,"Mackay_2021","Mackay_300_2021",0.30152200517799,"Ahya_300"
"Mackay",287,"Mackay_2021","Mackay_287_2021",0.102292370969401,"Ahya_287"
"Mackay",286,"Mackay_2021","Mackay_286_2021",0.14887093012224,"Ahya_286"
"Mackay",285,"Mackay_2021","Mackay_285_2021",0.17293725980966,"Ahya_285"
"Mackay",284,"Mackay_2021","Mackay_284_2021",0.299356909824356,"Ahya_284"
"Mackay",268,"Mackay_2021","Mackay_268_2021",0.412698928622502,"Ahya_268"
"Mackay",269,"Mackay_2021","Mackay_269_2021",0.615183611443167,"Ahya_269"
"Mackay",270,"Mackay_2021","Mackay_270_2021",0.177308954868295,"Ahya_270"
"Mackay",271,"Mackay_2021","Mackay_271_2021",0.217637596040952,"Ahya_271"
"Mackay",276,"Mackay_2021","Mackay_276_2021",0.197122286804124,"Ahya_276"
"Mackay",277,"Mackay_2021","Mackay_277_2021",0.209812614869071,"Ahya_277"
"Mackay",278,"Mackay_2021","Mackay_278_2021",0.16002896367038,"Ahya_278"
"Mackay",279,"Mackay_2021","Mackay_279_2021",0.137687717368342,"Ahya_279"
"Mackay",280,"Mackay_2021","Mackay_280_2021",0.333328900265604,"Ahya_280"
"Mackay",281,"Mackay_2021","Mackay_281_2021",0.343322718199452,"Ahya_281"
"Mackay",282,"Mackay_2021","Mackay_282_2021",0.146205447404609,"Ahya_282"
"Mackay",283,"Mackay_2021","Mackay_283_2021",0.232496431751651,"Ahya_283"
"Mackay",791,"Mackay_2022","Mackay_791_2022",0.101736843566198,"Ahya_791"
"Mackay",792,"Mackay_2022","Mackay_792_2022",0.198523737454903,"Ahya_792"
"Mackay",793,"Mackay_2022","Mackay_793_2022",0.269633329660597,"Ahya_793"
"Mackay",794,"Mackay_2022","Mackay_794_2022",0.208126816987332,"Ahya_794"
"Mackay",795,"Mackay_2022","Mackay_795_2022",0.116585326902054,"Ahya_795"
"Mackay",796,"Mackay_2022","Mackay_796_2022",0.168765173529721,"Ahya_796"
"Mackay",787,"Mackay_2022","Mackay_787_2022",0.351077776446011,"Ahya_787"
"Mackay",788,"Mackay_2022","Mackay_788_2022",0.14814527287214,"Ahya_788"
"Mackay",789,"Mackay_2022","Mackay_789_2022",0.482957989718469,"Ahya_789"
"Mackay",790,"Mackay_2022","Mackay_790_2022",0.38711402712551,"Ahya_790"
"Martin",159,"Martin_2021","Martin_159_2021",0.079524785424307,"Ahya_159b"
"Martin",160,"Martin_2021","Martin_160_2021",0.166642443539133,"Ahya_160b"
"Martin",131,"Martin_2021","Martin_131_2021",0.108081560699002,"Ahya_131b"
"Martin",132,"Martin_2021","Martin_132_2021",0.0878253221434558,"Ahya_132b"
"Martin",133,"Martin_2021","Martin_133_2021",0.0840789027854646,"Ahya_133b"
"Martin",134,"Martin_2021","Martin_134_2021",0.0986881970527955,"Ahya_134b"
"Martin",143,"Martin_2021","Martin_143_2021",0.0808361676170584,"Ahya_143b"
"Martin",144,"Martin_2021","Martin_144_2021",0.137779508930641,"Ahya_144b"
"Martin",145,"Martin_2021","Martin_145_2021",0.0896772393185171,"Ahya_145b"
"Martin",146,"Martin_2021","Martin_146_2021",0.240528553777039,"Ahya_146"
"Martin",151,"Martin_2021","Martin_151_2021",0.133520164820636,"Ahya_151b"
"Martin",152,"Martin_2021","Martin_152_2021",0.0932295085186232,"Ahya_152b"
"Martin",153,"Martin_2021","Martin_153_2021",0.0907581833937902,"Ahya_153b"
"Martin",154,"Martin_2021","Martin_154_2021",0.104138824690359,"Ahya_154b"
"Martin",147,"Martin_2021","Martin_147_2021",0.11864117825521,"Ahya_147"
"Martin",148,"Martin_2021","Martin_148_2021",0.0822968780420073,"Ahya_148"
"Martin",149,"Martin_2021","Martin_149_2021",0.0823993931822042,"Ahya_149"
"Martin",150,"Martin_2021","Martin_150_2021",0.10772868950017,"Ahya_150b"
"Martin",135,"Martin_2021","Martin_135_2021",0.11908660417492,"Ahya_135"
"Martin",136,"Martin_2021","Martin_136_2021",0.10481517595494,"Ahya_136"
"Martin",137,"Martin_2021","Martin_137_2021",0.101931933581315,"Ahya_137"
"Martin",138,"Martin_2021","Martin_138_2021",0.09452708854067,"Ahya_138"
"Martin",139,"Martin_2021","Martin_139_2021",0.0973783839900805,"Ahya_139"
"Martin",140,"Martin_2021","Martin_140_2021",0.0956138936676319,"Ahya_140"
"Martin",141,"Martin_2021","Martin_141_2021",0.113052338969208,"Ahya_141b"
"Martin",142,"Martin_2021","Martin_142_2021",0.0723914985999821,"Ahya_142b"
"Martin",155,"Martin_2021","Martin_155_2021",0.219125898231834,"Ahya_155b"
"Martin",156,"Martin_2021","Martin_156_2021",0.131522056299029,"Ahya_156b"
"Martin",157,"Martin_2021","Martin_157_2021",0.14332192134147,"Ahya_157b"
"Martin",158,"Martin_2021","Martin_158_2021",0.136304103826496,"Ahya_158b"
"Moore",391,"Moore_2021","Moore_391_2021",0.643625391716262,"Ahya_391"
"Moore",392,"Moore_2021","Moore_392_2021",0.309330243186599,"Ahya_392"
"Moore",394,"Moore_2021","Moore_394_2021",0.479667716911477,"Ahya_394"
"Moore",375,"Moore_2021","Moore_375_2021",0.274475553914403,"Ahya_375"
"Moore",376,"Moore_2021","Moore_376_2021",0.100835120531203,"Ahya_376"
"Moore",377,"Moore_2021","Moore_377_2021",0.430654267943252,"Ahya_377"
"Moore",378,"Moore_2021","Moore_378_2021",0.268201776275724,"Ahya_378"
"Moore",407,"Moore_2021","Moore_407_2021",0.448377953312885,"Ahya_407"
"Moore",408,"Moore_2021","Moore_408_2021",0.323236468350986,"Ahya_408"
"Moore",409,"Moore_2021","Moore_409_2021",0.264900418583722,"Ahya_409"
"Moore",410,"Moore_2021","Moore_410_2021",0.464002726540408,"Ahya_410"
"Moore",379,"Moore_2021","Moore_379_2021",0.534087994768727,"Ahya_379"
"Moore",380,"Moore_2021","Moore_380_2021",0.368453213881764,"Ahya_380"
"Moore",381,"Moore_2021","Moore_381_2021",0.429625414094818,"Ahya_381"
"Moore",382,"Moore_2021","Moore_382_2021",0.656809125524473,"Ahya_382"
"Moore",423,"Moore_2021","Moore_423_2021",0.308451680742821,"Ahya_423"
"Moore",424,"Moore_2021","Moore_424_2021",0.298594480631859,"Ahya_424"
"Moore",425,"Moore_2021","Moore_425_2021",0.344596883608801,"Ahya_425"
"Moore",399,"Moore_2021","Moore_399_2021",0.361856794202898,"Ahya_399"
"Moore",400,"Moore_2021","Moore_400_2021",0.540975324310004,"Ahya_400"
"Moore",401,"Moore_2021","Moore_401_2021",0.514094974532857,"Ahya_401"
"Moore",402,"Moore_2021","Moore_402_2021",0.432986014726726,"Ahya_402"
"Moore",415,"Moore_2021","Moore_415_2021",0.182928133193615,"Ahya_415"
"Moore",416,"Moore_2021","Moore_416_2021",0.263709502389249,"Ahya_416"
"Moore",417,"Moore_2021","Moore_417_2021",0.273798313963523,"Ahya_417"
"Moore",418,"Moore_2021","Moore_418_2021",0.472676407405646,"Ahya_418"
"Moore",411,"Moore_2021","Moore_411_2021",0.354855072474996,"Ahya_411"
"Moore",412,"Moore_2021","Moore_412_2021",0.58917969186964,"Ahya_412"
"Moore",413,"Moore_2021","Moore_413_2021",0.535380012055203,"Ahya_413"
"Moore",414,"Moore_2021","Moore_414_2021",0.30765654065915,"Ahya_414"
"Moore",383,"Moore_2021","Moore_383_2021",0.309756139373357,"Ahya_383"
"Moore",384,"Moore_2021","Moore_384_2021",0.238995264799818,"Ahya_384"
"Moore",385,"Moore_2021","Moore_385_2021",0.299945979967911,"Ahya_385"
"Moore",386,"Moore_2021","Moore_386_2021",0.432825825977253,"Ahya_386"
"Moore",395,"Moore_2021","Moore_395_2021",0.569576899371984,"Ahya_395"
"Moore",396,"Moore_2021","Moore_396_2021",0.334987231649046,"Ahya_396"
"Moore",397,"Moore_2021","Moore_397_2021",0.285463356931557,"Ahya_397"
"Moore",398,"Moore_2021","Moore_398_2021",0.664715863186948,"Ahya_398"
"Moore",419,"Moore_2021","Moore_419_2021",0.326219098052696,"Ahya_419"
"Moore",420,"Moore_2021","Moore_420_2021",0.198248133754613,"Ahya_420"
"Moore",421,"Moore_2021","Moore_421_2021",0.257973569243386,"Ahya_421"
"Moore",422,"Moore_2021","Moore_422_2021",0.150966637378806,"Ahya_422"
"Moore",403,"Moore_2021","Moore_403_2021",0.387998096590046,"Ahya_403"
"Moore",404,"Moore_2021","Moore_404_2021",0.323192280282524,"Ahya_404"
"Moore",405,"Moore_2021","Moore_405_2021",0.278055607110835,"Ahya_405"
"Moore",406,"Moore_2021","Moore_406_2021",0.27173408846025,"Ahya_406"
"Moore",387,"Moore_2021","Moore_387_2021",0.300113019739532,"Ahya_387"
"Moore",388,"Moore_2021","Moore_388_2021",0.603974500864669,"Ahya_388"
"Moore",389,"Moore_2021","Moore_389_2021",0.450743790870793,"Ahya_389"
"Moore",390,"Moore_2021","Moore_390_2021",0.648685007588871,"Ahya_390"
"Moore",393,"Moore_2021","Moore_393_2021",0.283160273931548,"Ahya_393"
"NoName",101,"NoName_2021","NoName_101_2021",0.13993546454792,"Ahya_101b"
"NoName",102,"NoName_2021","NoName_102_2021",0.149760087776556,"Ahya_102b"
"NoName",103,"NoName_2021","NoName_103_2021",0.07819823094769,"Ahya_103b"
"NoName",104,"NoName_2021","NoName_104_2021",0.0833099486649935,"Ahya_104b"
"NoName",129,"NoName_2021","NoName_129_2021",0.0442185292564745,"Ahya_129b"
"NoName",130,"NoName_2021","NoName_130_2021",0.281369026847928,"Ahya_130b"
"NoName",109,"NoName_2021","NoName_109_2021",0.186698582402752,"Ahya_109b"
"NoName",110,"NoName_2021","NoName_110_2021",0.124643435543995,"Ahya_110b"
"NoName",111,"NoName_2021","NoName_111_2021",0.121380236762667,"Ahya_111b"
"NoName",113,"NoName_2021","NoName_113_2021",0.133239993322586,"Ahya_113b"
"NoName",105,"NoName_2021","NoName_105_2021",0.199769263140101,"Ahya_105b"
"NoName",106,"NoName_2021","NoName_106_2021",0.112304551351926,"Ahya_106b"
"NoName",107,"NoName_2021","NoName_107_2021",0.122357300341614,"Ahya_107b"
"NoName",108,"NoName_2021","NoName_108_2021",0.060204912443192,"Ahya_108b"
"NoName",125,"NoName_2021","NoName_125_2021",0.128731793197248,"Ahya_125b"
"NoName",126,"NoName_2021","NoName_126_2021",0.112905445752274,"Ahya_126b"
"NoName",127,"NoName_2021","NoName_127_2021",0.0486443656838878,"Ahya_127b"
"NoName",128,"NoName_2021","NoName_128_2021",0.0425456969169755,"Ahya_128b"
"NoName",112,"NoName_2021","NoName_112_2021",0.201483607775126,"Ahya_112b"
"NoName",114,"NoName_2021","NoName_114_2021",0.129750399271935,"Ahya_114b"
"NoName",115,"NoName_2021","NoName_115_2021",0.082508621380253,"Ahya_115b"
"NoName",116,"NoName_2021","NoName_116_2021",0.0646848949010012,"Ahya_116b"
"NoName",117,"NoName_2021","NoName_117_2021",0.259531281896297,"Ahya_117b"
"NoName",118,"NoName_2021","NoName_118_2021",0.0690807832564833,"Ahya_118b"
"NoName",119,"NoName_2021","NoName_119_2021",0.0716073616313525,"Ahya_119b"
"NoName",97,"NoName_2021","NoName_97_2021",0.0412680853246151,"Ahya_97b"
"NoName",98,"NoName_2021","NoName_98_2021",0.0554976950924991,"Ahya_98b"
"NoName",99,"NoName_2021","NoName_99_2021",0.0797058242517111,"Ahya_99b"
"NoName",100,"NoName_2021","NoName_100_2021",0.0846022067158853,"Ahya_100b"
"NoName",121,"NoName_2021","NoName_121_2021",0.0730477371005506,"Ahya_121b"
"NoName",122,"NoName_2021","NoName_122_2021",0.0874093197672098,"Ahya_122b"
"NoName",123,"NoName_2021","NoName_123_2021",0.083004191801932,"Ahya_123b"
"NoName",124,"NoName_2021","NoName_124_2021",0.0922810779526048,"Ahya_124b"
"NoName",120,"NoName_2021","NoName_120_2021",0.0844558362069349,"Ahya_120b"
"NorthDirection-23March",72,"NorthDirection-23March_2021","NorthDirection-23March_72_2021",0.121497507559095,"Ahya_72b"
"NorthDirection-23March",60,"NorthDirection-23March_2021","NorthDirection-23March_60_2021",0.135637455056299,"Ahya_60b"
"NorthDirection-23March",61,"NorthDirection-23March_2021","NorthDirection-23March_61_2021",0.133023906523201,"Ahya_61b"
"NorthDirection-23March",62,"NorthDirection-23March_2021","NorthDirection-23March_62_2021",0.0994683034142679,"Ahya_62"
"NorthDirection-23March",63,"NorthDirection-23March_2021","NorthDirection-23March_63_2021",0.161454700158362,"Ahya_63"
"NorthDirection-23March",64,"NorthDirection-23March_2021","NorthDirection-23March_64_2021",0.15696663990889,"Ahya_64"
"NorthDirection-23March",65,"NorthDirection-23March_2021","NorthDirection-23March_65_2021",0.264122315629458,"Ahya_65"
"NorthDirection-23March",66,"NorthDirection-23March_2021","NorthDirection-23March_66_2021",0.15993041996486,"Ahya_66"
"NorthDirection-23March",67,"NorthDirection-23March_2021","NorthDirection-23March_67_2021",0.123624075805288,"Ahya_67b"
"NorthDirection-23March",68,"NorthDirection-23March_2021","NorthDirection-23March_68_2021",0.157151620359004,"Ahya_68b"
"NorthDirection-23March",69,"NorthDirection-23March_2021","NorthDirection-23March_69_2021",0.0660499451208157,"Ahya_69b"
"NorthDirection-23March",70,"NorthDirection-23March_2021","NorthDirection-23March_70_2021",0.150573920198932,"Ahya_70b"
"NorthDirection-23March",71,"NorthDirection-23March_2021","NorthDirection-23March_71_2021",0.0758553832976886,"Ahya_71b"
"NorthDirection-23March",56,"NorthDirection-23March_2021","NorthDirection-23March_56_2021",0.267154186224481,"Ahya_56b"
"NorthDirection-23March",57,"NorthDirection-23March_2021","NorthDirection-23March_57_2021",0.138016965454737,"Ahya_57b"
"NorthDirection-23March",58,"NorthDirection-23March_2021","NorthDirection-23March_58_2021",0.0492744912067092,"Ahya_58b"
"NorthDirection-23March",59,"NorthDirection-23March_2021","NorthDirection-23March_59_2021",0.0586330473507724,"Ahya_59b"
"NorthDirection-23March",44,"NorthDirection-23March_2021","NorthDirection-23March_44_2021",0.185368582441428,"Ahya_44b"
"NorthDirection-23March",45,"NorthDirection-23March_2021","NorthDirection-23March_45_2021",0.152133153456281,"Ahya_45b"
"NorthDirection-23March",46,"NorthDirection-23March_2021","NorthDirection-23March_46_2021",0.0471823347404759,"Ahya_46"
"NorthDirection-23March",47,"NorthDirection-23March_2021","NorthDirection-23March_47_2021",0.0978737644691634,"Ahya_47b"
"NorthDirection-23March",48,"NorthDirection-23March_2021","NorthDirection-23March_48_2021",0.0586292318383285,"Ahya_48b"
"NorthDirection-23March",49,"NorthDirection-23March_2021","NorthDirection-23March_49_2021",0.0574286473363511,"Ahya_49b"
"NorthDirection-23March",50,"NorthDirection-23March_2021","NorthDirection-23March_50_2021",0.0663727717034395,"Ahya_50b"
"NorthDirection-23March",51,"NorthDirection-23March_2021","NorthDirection-23March_51_2021",0.0521286406198111,"Ahya_51b"
"NorthDirection-23March",52,"NorthDirection-23March_2021","NorthDirection-23March_52_2021",0.0861213491580111,"Ahya_52b"
"NorthDirection-23March",53,"NorthDirection-23March_2021","NorthDirection-23March_53_2021",0.0802438009114513,"Ahya_53b"
"NorthDirection-23March",54,"NorthDirection-23March_2021","NorthDirection-23March_54_2021",0.16621970287497,"Ahya_54b"
"NorthDirection-23March",55,"NorthDirection-23March_2021","NorthDirection-23March_55_2021",0.0591499502763087,"Ahya_55b"
"NorthDirection-24March",77,"NorthDirection-24March_2021","NorthDirection-24March_77_2021",0.0625030503085955,"Ahya_77b"
"NorthDirection-24March",78,"NorthDirection-24March_2021","NorthDirection-24March_78_2021",0.131040328751881,"Ahya_78b"
"NorthDirection-24March",79,"NorthDirection-24March_2021","NorthDirection-24March_79_2021",0.0542489950082734,"Ahya_79b"
"NorthDirection-24March",80,"NorthDirection-24March_2021","NorthDirection-24March_80_2021",0.129961883577987,"Ahya_80b"
"NorthDirection-24March",85,"NorthDirection-24March_2021","NorthDirection-24March_85_2021",0.0489641304408865,"Ahya_85"
"NorthDirection-24March",86,"NorthDirection-24March_2021","NorthDirection-24March_86_2021",0.0482938379585158,"Ahya_86"
"NorthDirection-24March",87,"NorthDirection-24March_2021","NorthDirection-24March_87_2021",0.0437031691674512,"Ahya_87"
"NorthDirection-24March",88,"NorthDirection-24March_2021","NorthDirection-24March_88_2021",0.0346876664577268,"Ahya_88"
"NorthDirection-24March",89,"NorthDirection-24March_2021","NorthDirection-24March_89_2021",0.0964354031409126,"Ahya_89"
"NorthDirection-24March",90,"NorthDirection-24March_2021","NorthDirection-24March_90_2021",0.16496741239816,"Ahya_90"
"NorthDirection-24March",91,"NorthDirection-24March_2021","NorthDirection-24March_91_2021",0.26397144916206,"Ahya_91"
"NorthDirection-24March",92,"NorthDirection-24March_2021","NorthDirection-24March_92_2021",0.133284778703659,"Ahya_92"
"NorthDirection-24March",82,"NorthDirection-24March_2021","NorthDirection-24March_82_2021",0.045850298555261,"Ahya_82b"
"NorthDirection-24March",81,"NorthDirection-24March_2021","NorthDirection-24March_81_2021",0.0671543718880335,"Ahya_81b"
"NorthDirection-24March",83,"NorthDirection-24March_2021","NorthDirection-24March_83_2021",0.0514940914355571,"Ahya_83b"
"NorthDirection-24March",84,"NorthDirection-24March_2021","NorthDirection-24March_84_2021",0.0616967728687716,"Ahya_84b"
"NorthDirection-24March",73,"NorthDirection-24March_2021","NorthDirection-24March_73_2021",0.0751459893919023,"Ahya_73b"
"NorthDirection-24March",74,"NorthDirection-24March_2021","NorthDirection-24March_74_2021",0.23564045082324,"Ahya_74b"
"NorthDirection-24March",75,"NorthDirection-24March_2021","NorthDirection-24March_75_2021",0.0393743589477673,"Ahya_75b"
"NorthDirection-24March",76,"NorthDirection-24March_2021","NorthDirection-24March_76_2021",0.163096479223059,"Ahya_76b"
"NorthDirection-24March",93,"NorthDirection-24March_2021","NorthDirection-24March_93_2021",0.211340503158318,"Ahya_93"
"NorthDirection-24March",94,"NorthDirection-24March_2021","NorthDirection-24March_94_2021",0.0866685911678346,"Ahya_94"
"NorthDirection-24March",95,"NorthDirection-24March_2021","NorthDirection-24March_95_2021",0.048051250489786,"Ahya_95b"
"NorthDirection-24March",96,"NorthDirection-24March_2021","NorthDirection-24March_96_2021",0.106776910151584,"Ahya_96b"
"Pelorus",249,"Pelorus_2021","Pelorus_249_2021",0.153455919720122,"Ahya_249"
"Pelorus",250,"Pelorus_2021","Pelorus_250_2021",0.152860668779461,"Ahya_250"
"Pelorus",233,"Pelorus_2021","Pelorus_233_2021",0.0896609303104447,"Ahya_233"
"Pelorus",234,"Pelorus_2021","Pelorus_234_2021",0.132239649721024,"Ahya_234"
"Pelorus",235,"Pelorus_2021","Pelorus_235_2021",0.180619376848383,"Ahya_235"
"Pelorus",236,"Pelorus_2021","Pelorus_236_2021",0.111475306873873,"Ahya_236"
"Pelorus",221,"Pelorus_2021","Pelorus_221_2021",0.157977923072463,"Ahya_221"
"Pelorus",222,"Pelorus_2021","Pelorus_222_2021",0.200803856426049,"Ahya_222"
"Pelorus",223,"Pelorus_2021","Pelorus_223_2021",0.20673397833959,"Ahya_223"
"Pelorus",224,"Pelorus_2021","Pelorus_224_2021",0.364846793109364,"Ahya_224"
"Pelorus",228,"Pelorus_2021","Pelorus_228_2021",0.158111758996843,"Ahya_228"
"Pelorus",227,"Pelorus_2021","Pelorus_227_2021",0.109424208802905,"Ahya_227"
"Pelorus",226,"Pelorus_2021","Pelorus_226_2021",0.125523117089794,"Ahya_226"
"Pelorus",225,"Pelorus_2021","Pelorus_225_2021",0.212828810196547,"Ahya_225"
"Pelorus",241,"Pelorus_2021","Pelorus_241_2021",0.244220483142105,"Ahya_241"
"Pelorus",242,"Pelorus_2021","Pelorus_242_2021",0.209696072664782,"Ahya_242"
"Pelorus",243,"Pelorus_2021","Pelorus_243_2021",0.211668890667205,"Ahya_243"
"Pelorus",244,"Pelorus_2021","Pelorus_244_2021",0.461151824744232,"Ahya_244"
"Pelorus",237,"Pelorus_2021","Pelorus_237_2021",0.237432177622623,"Ahya_237"
"Pelorus",238,"Pelorus_2021","Pelorus_238_2021",0.134341395996409,"Ahya_238"
"Pelorus",239,"Pelorus_2021","Pelorus_239_2021",0.145083153938364,"Ahya_239"
"Pelorus",240,"Pelorus_2021","Pelorus_240_2021",0.15434965565242,"Ahya_240"
"Pelorus",245,"Pelorus_2021","Pelorus_245_2021",0.270893573629681,"Ahya_245"
"Pelorus",246,"Pelorus_2021","Pelorus_246_2021",0.190350114884919,"Ahya_246"
"Pelorus",247,"Pelorus_2021","Pelorus_247_2021",0.324244528081089,"Ahya_247"
"Pelorus",248,"Pelorus_2021","Pelorus_248_2021",0.221004661621481,"Ahya_248"
"Pelorus",229,"Pelorus_2021","Pelorus_229_2021",0.309717067439919,"Ahya_229"
"Pelorus",230,"Pelorus_2021","Pelorus_230_2021",0.230586505546195,"Ahya_230"
"Pelorus",231,"Pelorus_2021","Pelorus_231_2021",0.171604613746265,"Ahya_231"
"Pelorus",232,"Pelorus_2021","Pelorus_232_2021",0.177210512087828,"Ahya_232"
"StCrispin-15April",259,"StCrispin-15April_2021","StCrispin-15April_259_2021",0.143999546032699,"Ahya_259"
"StCrispin-15April",260,"StCrispin-15April_2021","StCrispin-15April_260_2021",0.0653790164843895,"Ahya_260"
"StCrispin-15April",261,"StCrispin-15April_2021","StCrispin-15April_261_2021",0.074187546272706,"Ahya_261"
"StCrispin-15April",262,"StCrispin-15April_2021","StCrispin-15April_262_2021",0.105897482593874,"Ahya_262"
"StCrispin-15April",251,"StCrispin-15April_2021","StCrispin-15April_251_2021",0.234242362727272,"Ahya_251"
"StCrispin-15April",252,"StCrispin-15April_2021","StCrispin-15April_252_2021",0.121961877174893,"Ahya_252"
"StCrispin-15April",253,"StCrispin-15April_2021","StCrispin-15April_253_2021",0.123569802750766,"Ahya_253"
"StCrispin-15April",254,"StCrispin-15April_2021","StCrispin-15April_254_2021",0.21749941691605,"Ahya_254"
"StCrispin-15April",267,"StCrispin-15April_2021","StCrispin-15April_267_2021",0.338147889406055,"Ahya_267"
"StCrispin-15April",255,"StCrispin-15April_2021","StCrispin-15April_255_2021",0.0904732760382732,"Ahya_255"
"StCrispin-15April",256,"StCrispin-15April_2021","StCrispin-15April_256_2021",0.114676707807184,"Ahya_256"
"StCrispin-15April",257,"StCrispin-15April_2021","StCrispin-15April_257_2021",0.085615981561426,"Ahya_257"
"StCrispin-15April",258,"StCrispin-15April_2021","StCrispin-15April_258_2021",0.088300982406019,"Ahya_258"
"StCrispin-15April",263,"StCrispin-15April_2021","StCrispin-15April_263_2021",0.205192124385152,"Ahya_263"
"StCrispin-15April",264,"StCrispin-15April_2021","StCrispin-15April_264_2021",0.378016800940946,"Ahya_264"
"StCrispin-15April",265,"StCrispin-15April_2021","StCrispin-15April_265_2021",0.321538041580078,"Ahya_265"
"StCrispin-15April",266,"StCrispin-15April_2021","StCrispin-15April_266_2021",0.443237244345537,"Ahya_266"
"StCrispin-30Mar",183,"StCrispin-30Mar_2021","StCrispin-30Mar_183_2021",0.174412038666222,"Ahya_183"
"StCrispin-30Mar",181,"StCrispin-30Mar_2021","StCrispin-30Mar_181_2021",0.257606029059951,"Ahya_181"
"StCrispin-30Mar",182,"StCrispin-30Mar_2021","StCrispin-30Mar_182_2021",0.13551413173374,"Ahya_182"
"StCrispin-30Mar",184,"StCrispin-30Mar_2021","StCrispin-30Mar_184_2021",0.160578800488712,"Ahya_184"
"StCrispin-30Mar",165,"StCrispin-30Mar_2021","StCrispin-30Mar_165_2021",0.270625493147378,"Ahya_165"
"StCrispin-30Mar",166,"StCrispin-30Mar_2021","StCrispin-30Mar_166_2021",0.245215299588335,"Ahya_166"
"StCrispin-30Mar",167,"StCrispin-30Mar_2021","StCrispin-30Mar_167_2021",0.222640614926595,"Ahya_167"
"StCrispin-30Mar",168,"StCrispin-30Mar_2021","StCrispin-30Mar_168_2021",0.221604677188772,"Ahya_168"
"StCrispin-30Mar",173,"StCrispin-30Mar_2021","StCrispin-30Mar_173_2021",0.152629856696759,"Ahya_173"
"StCrispin-30Mar",174,"StCrispin-30Mar_2021","StCrispin-30Mar_174_2021",0.273847499831091,"Ahya_174"
"StCrispin-30Mar",175,"StCrispin-30Mar_2021","StCrispin-30Mar_175_2021",0.19277290316522,"Ahya_175"
"StCrispin-30Mar",176,"StCrispin-30Mar_2021","StCrispin-30Mar_176_2021",0.227156596353489,"Ahya_176"
"StCrispin-30Mar",161,"StCrispin-30Mar_2021","StCrispin-30Mar_161_2021",0.264627671151425,"Ahya_161b"
"StCrispin-30Mar",162,"StCrispin-30Mar_2021","StCrispin-30Mar_162_2021",0.180155421916398,"Ahya_162"
"StCrispin-30Mar",163,"StCrispin-30Mar_2021","StCrispin-30Mar_163_2021",0.168116391232367,"Ahya_163"
"StCrispin-30Mar",164,"StCrispin-30Mar_2021","StCrispin-30Mar_164_2021",0.251056664978227,"Ahya_164"
"StCrispin-30Mar",177,"StCrispin-30Mar_2021","StCrispin-30Mar_177_2021",0.229220841505684,"Ahya_177"
"StCrispin-30Mar",178,"StCrispin-30Mar_2021","StCrispin-30Mar_178_2021",0.0985231540369779,"Ahya_178"
"StCrispin-30Mar",179,"StCrispin-30Mar_2021","StCrispin-30Mar_179_2021",0.197386651532922,"Ahya_179"
"StCrispin-30Mar",180,"StCrispin-30Mar_2021","StCrispin-30Mar_180_2021",0.217795190632816,"Ahya_180"
"StCrispin-30Mar",169,"StCrispin-30Mar_2021","StCrispin-30Mar_169_2021",0.212864372959853,"Ahya_169"
"StCrispin-30Mar",170,"StCrispin-30Mar_2021","StCrispin-30Mar_170_2021",0.634171556946382,"Ahya_170"
"StCrispin-30Mar",171,"StCrispin-30Mar_2021","StCrispin-30Mar_171_2021",0.352135214403395,"Ahya_171"
"StCrispin-30Mar",172,"StCrispin-30Mar_2021","StCrispin-30Mar_172_2021",0.232022728592129,"Ahya_172"
"StCrispin-30Mar",185,"StCrispin-30Mar_2021","StCrispin-30Mar_185_2021",0.143428753535074,"Ahya_185"
"StCrispin-30Mar",186,"StCrispin-30Mar_2021","StCrispin-30Mar_186_2021",0.217417407481782,"Ahya_186"
"StCrispin-30Mar",187,"StCrispin-30Mar_2021","StCrispin-30Mar_187_2021",0.133043368361071,"Ahya_187"
"Sykes",123,"Sykes_2021","Sykes_123_2021",0.393979775313182,"Ahya_123a"
"Sykes",124,"Sykes_2021","Sykes_124_2021",0.235868380095472,"Ahya_124a"
"Sykes",125,"Sykes_2021","Sykes_125_2021",0.360031656765287,"Ahya_125a"
"Sykes",132,"Sykes_2021","Sykes_132_2021",0.432868615851807,"Ahya_132a"
"Sykes",126,"Sykes_2021","Sykes_126_2021",0.194223957981177,"Ahya_126a"
"Sykes",127,"Sykes_2021","Sykes_127_2021",0.142699464510381,"Ahya_127a"
"Sykes",128,"Sykes_2021","Sykes_128_2021",0.285288939620344,"Ahya_128a"
"Sykes",129,"Sykes_2021","Sykes_129_2021",0.26304805712917,"Ahya_129a"
"Sykes",142,"Sykes_2021","Sykes_142_2021",0.436413819724886,"Ahya_142a"
"Sykes",143,"Sykes_2021","Sykes_143_2021",0.40441971446987,"Ahya_143a"
"Sykes",144,"Sykes_2021","Sykes_144_2021",0.36997057187221,"Ahya_144a"
"Sykes",145,"Sykes_2021","Sykes_145_2021",0.341101108873921,"Ahya_145a"
"Sykes",150,"Sykes_2021","Sykes_150_2021",0.437837495245803,"Ahya_150a"
"Sykes",151,"Sykes_2021","Sykes_151_2021",0.340546390379188,"Ahya_151a"
"Sykes",152,"Sykes_2021","Sykes_152_2021",0.344277364511135,"Ahya_152a"
"Sykes",153,"Sykes_2021","Sykes_153_2021",0.274452935271112,"Ahya_153a"
"Sykes",158,"Sykes_2021","Sykes_158_2021",0.136970675758612,"Ahya_158a"
"Sykes",159,"Sykes_2021","Sykes_159_2021",0.403481360734123,"Ahya_159a"
"Sykes",160,"Sykes_2021","Sykes_160_2021",0.392683530315676,"Ahya_160a"
"Sykes",161,"Sykes_2021","Sykes_161_2021",0.537045439854585,"Ahya_161a"
"Sykes",154,"Sykes_2021","Sykes_154_2021",0.417787808562154,"Ahya_154a"
"Sykes",155,"Sykes_2021","Sykes_155_2021",0.451036191485844,"Ahya_155a"
"Sykes",156,"Sykes_2021","Sykes_156_2021",0.318673573386332,"Ahya_156a"
"Sykes",157,"Sykes_2021","Sykes_157_2021",0.394858065168648,"Ahya_157a"
"Sykes",130,"Sykes_2021","Sykes_130_2021",0.372799433928675,"Ahya_130a"
"Sykes",131,"Sykes_2021","Sykes_131_2021",0.250857955930013,"Ahya_131a"
"Sykes",121,"Sykes_2021","Sykes_121_2021",0.436830163828572,"Ahya_121a"
"Sykes",122,"Sykes_2021","Sykes_122_2021",0.553137666328967,"Ahya_122a"
"Sykes",133,"Sykes_2021","Sykes_133_2021",0.244732301897783,"Ahya_133a"
"Sykes",134,"Sykes_2021","Sykes_134_2021",0.35276951066995,"Ahya_134a"
"Sykes",135,"Sykes_2021","Sykes_135_2021",0.297129563977606,"Ahya_135a"
"Sykes",141,"Sykes_2021","Sykes_141_2021",0.174511590456355,"Ahya_141a"
